제목,내용,평점,좋아요 수
메모리,예상치 못한 자리에서 의도치 않게 닿았던 손으로부터 전해오는 절실한 온기.,3.5,100
애니멀 킹덤,이젠 너무 익숙해진 은유보다는 시적인 묘사들이 더 마음에 남는다.,3.0,102
검은 수녀들,이 장르에서 구마 의식이 뻔하고 맥없다면.,2.0,306
노스페라투,영화의 신전에 엎드려 불어넣은 호러의 한기.,3.5,185
리얼 페인,그 여행을 함께 한 듯한 경험 끝에 잊은 줄 알았던 시절의 비애가 쏟아져 들어왔다.,3.5,170
은빛살구,밖에선 들여다보이지 않는 관계의 지긋지긋한 사슬.,3.0,79
쇼잉 업,예술은 섬광 같은 마법이 아니라 그 모든 부대끼는 일상의 깃털 같아서.,3.5,191
페라리,뜨거운 엔진과 차가운 심장이 지옥에서 보낸 한 철.,3.0,121
부모 바보,당겨보면 제대로 작동하지 않는 시스템의 성긴 틈 사이로 보이는 것들.,3.0,81
총을 든 스님,총이 등장했던 수많은 뻔한 영화들을 묻어버린 듯한 언덕에서 피어오르는 미소.,3.5,117
시빌 워: 분열의 시대,‘찍다’와 ‘쏘다’가 모두 영어로 ‘shoot’이라는 사실이 떠오르는 격렬한 딜레마.,3.0,254
모든 것은 아르망에서 시작되었다,예민한 현실 포착과 분방한 초현실 실험이 서로에게서 미끄러진다.,2.5,80
하얼빈,격정으로 웅변하지 않고 옷깃을 여민 채 쉰 목소리로 굳게 다짐한다.,3.0,272
"알레고리, 잇츠 낫 미",이미지의 그림자와 해일 앞에서 명상하고 고백하며 다짐하는 목소리.,4.0,131
힘을 낼 시간,"치렀던 잔치는 느닷없고 짧은데, 견뎌야 할 후일담은 언제나 시시하고 길다.",3.0,123
파라다이스 이즈 버닝,"어찌할 것인가, 이 위태로운 새싹들을 이 차가운 바람을.",3.0,81
서브스턴스,넘치는 에너지와 선명한 주제의식으로 막 나가는 영화를 볼 때의 후련함과 서늘함.,3.5,784
언니 유정,"혼돈 속에서 버겁게 살아간다는 것은, 누군가의 언니가 된다는 것은.",3.0,81
리바이벌 69’,모든 게 이상했지만 그 어떤 것도 가능했던 날의 열기.,3.0,70
아들들,그 모든 간절한 행동도 결국 뒤틀려버리는 마음의 지옥.,3.0,67
소방관,숭고한 직업의식을 기리는 진부한 돌림노래.,2.0,210
1승,선수들이 제 몫을 해내도 앙상한 전략으로 고전하는 경기처럼.,2.5,93
아침바다 갈매기는,모든 진실에는 소금기가 배어 있다.,3.5,107
위키드,장르와 매체에 맞게 제대로 판을 벌인다.,3.5,463
히든페이스,야단스러운 이야기의 요란한 재미.,3.0,201
미망,티베트어로 ‘인간’이 ‘걷는 존재’를 뜻한다는 사실을 거듭 떠올렸다.,3.0,156
한 채,닻을 향한 고투가 시리도록.,3.0,89
글래디에이터 Ⅱ,능숙하게 보여줄 것은 있었으나 딱히 할 말은 없었던 속편.,2.5,244
연소일기,눈물의 계곡으로 향하는 훤한 아스팔트 길.,2.5,110
클로즈 유어 아이즈,아직도 영화의 기적을 믿는 자들에게 보내는 가장 아름다운 인사.,5.0,454
아노라,"불안한 웃음과 절박한 고함에서 참을 수 없는 눈물까지, 뼛속 깊이 아린 그 모든 아노라.",4.5,403
마리우폴에서의 20일,"포격당하는 건물 지하에 놓인 듯한 현장감, 무고한 희생 앞에서 물러서지 않는 기자정신의 감동.",4.0,142
아메바 소녀들과 학교괴담: 개교기념일,일단 귀엽다는 생각이 들기 시작하면 그때부터는.,3.0,163
롱레그스,음산한 기운이 축축한 안개처럼 목덜미를.,3.0,106
하와이 연가,긴 여운을 남기는 음악에 실린 파란만장한 세월들.,2.5,75
룸 넥스트 도어,"욕조의 따스한 물처럼 적셔오는 평화, 설혹 종말이 눈앞에 다가온다고 해도.",4.0,274
더 킬러스,헤밍웨이와 호퍼와 심은경을 모티브 삼은 자유로운 놀이터 혹은 초심의 수련장.,3.5,127
공작새,내다보이는 궤적에서 벗어나지 않더라도 온 몸으로 신명나게.,3.0,90
어프렌티스,논쟁적 소재에 대한 과감하고도 쉬운 접근.,3.0,102
오후 네시,공들여 쌓은 탑이 무너질 때.,2.5,78
폭설,덧칠한 감정의 응어리들이 덕지덕지.,1.5,91
보통의 가족,도덕의 수렁에서 자맥질하는 위선과 기만의 강렬한 복화술.,3.5,272
레드 룸스,독창적인 시점쇼트들로 예리하게 포착한 이상심리의 변이.,4.0,177
너의 색,어우러진 색과 음이 그저 파릇파릇.,2.5,100
조커: 폴리 아 되,망상과 광기를 공유하거나 단절해가며 전편과 내내 밀고 당기듯 치열하게 추는 2인무.,4.0,787
해야 할 일,노동현장의 부조리가 어떤 과정과 딜레마 속에서 형성되는지 명확히 보여준다.,3.0,117
룩백,컷이 바뀔 때마다 사무치기도 하고 어찌할 수 없기도 한 세월이 툭툭툭 넘어간다.,4.0,602
새벽의 모든,"어둠을 노래하라, 그 모든 온기로.",3.5,199
수유천,"거슬러 올라가면 아무 것도 없어요, 그저 천천히 나풀거리는 낙엽 뿐.",3.5,163
사랑의 탐구,모든 장면에 힘을 잔뜩 주면 어떤 장면에도 힘이 실리지 않는다.,2.5,109
장손,이전 것들은 산 너머로 흩어졌으되 새로운 것들은 아직 눈을 뜨지 못하는 겨울의 끝자락에서.,3.5,309
베테랑2,당혹스런 오프닝과 엔딩을 위한 엔딩 그리고 그 사이의 종종 갸웃거려지는 장면들.,2.0,1009
딸에 대하여,함께 살아간다는 것의 의미에 대해 온유하고도 선명하게.,3.0,144
비틀쥬스 비틀쥬스,"초심과 세월, 취향과 향수 사이에서 모두가 다시 애써 흥겨워지고 싶다.",3.0,203
죽고 싶지만 사랑은 하고 싶어,디디면 가라앉을 듯 가녀린 생의 한가운데서 마음의 문을 열면.,3.0,104
그 여름날의 거짓말,그 거짓말들이 그 여름날들을 관통했어야 했을 텐데.,2.0,80
카인즈 오브 카인드니스,부조리가 스멀스멀 살갗 위를 기어다니는 블랙코미디로는 요르고스 란티모스가 단연.,4.0,175
프로이트의 라스트 세션,흥미로운 논전이 경직된 틀에 갇혔다.,2.5,78
한국이 싫어서,그 척력으로 가닿은 곳에서 흐릿하게.,2.5,140
에이리언: 로물루스,야심찬 도약 대신 성실한 행진을 택한 속편이 거둔 낙승.,3.5,573
트위스터스,장점조차도 평범하다.,2.5,233
러브 달바,다루기 어려운 소재의 중심에서 섬세하고도 단호하게.,3.5,102
희생,타르코프스키가 되돌려 멈춰선 자리에 돋아난 가능성의 무성한 잎들.,5.0,300
리볼버,받아야 할 돈이 범죄영화의 클리셰나 맥거핀이 아니라 가장 중요한 약속인 이야기를 대하는 신선함.,3.0,247
이오 카피타노,그 여정의 쓰라림과 간절함이 고스란히.,3.0,101
더 원더스,"빈 하늘을 떠돌다 꿀 한 모금 겨우 머금고 돌아오던, 그 많은 벌들은 다 어디로 갔을까.",4.0,164
파일럿,호흡 짧은 드라마에 산발적인 개그다발.,2.5,278
데드풀과 울버린,"인수합병에 대한 재치있는 비즈니스영화, 경혈을 찾아 침을 놓아가며 갈증을 잠시 해결해주는 팬서비스무비.",3.0,496
엄마의 왕국,묻어둔 비밀의 웅얼대는 귀환.,2.5,87
진주의 진주,사라져가는 것들에 대해 그저 안타까운 마음만 연이어 드러낼 뿐.,2.0,90
플라이 미 투 더 문,잘 알려진 음모론 소재에 영화와 현실의 두 가지 관계에 대한 숙고와 선언을 선명하게 담아냈다.,3.5,192
러브 라이즈 블리딩,피 땀 눈물 혹은 달콤한 파멸의 로맨티시즘.,3.0,172
퍼펙트 데이즈,다른 모든 순간과 비슷하게 보이는 단 하나의 순간들로 일렁이는 온전한 나날들.,4.0,683
탈주,작고 엉뚱한 아이디어들의 매력이 정처없고 느닷없이 흐르는 서사에 함몰되었다.,2.5,310
태풍 클럽,생의 그 어떤 울타리에도 가둬지지 않는 원시적 에너지의 분출을 그저 바라보았다.,4.0,252
우리와 상관없이,두 세계 사이의 틈새에서 미끄러지며 혼곤히 배회하는 유령처럼.,3.0,89
프렌치 수프,요리에 삶과 사랑을 섣불리 견주는 대신 주방과 식탁의 그 모든 넘실대는 풍경들로 충만하게.,3.5,188
프리실라,광장의 사랑과 밀실의 고독 사이에서 홀로 휘어진 마음의 점묘화.,3.0,116
인사이드 아웃 2,그 모든 게 나였다 그 전부가 세월이었다 하나도 남김없이.,3.5,2982
존 오브 인터레스트,"이미 다 소화해버린 악에 대하여, 체온으로만 볼 수 있는 선에 관하여.",5.0,2248
원더랜드,‘가족의 탄생’과 ‘만추’ 뒤에 놓일 작품을 오랜 기다림 끝에 보고 난 후의 당혹감과 의문들.,2.5,392
찬란한 내일로,삶보다 큰 영화를 긴 세월 꿈꿔온 사람의 마르지 않는 열정과 웃음.,3.5,146
드림 시나리오,시대의 악몽을 현란하게 누비는 착상과 감각.,3.5,184
정욕,땅거미 질 무렵 늪 한가운데서 들려오는 함께 있을 거란 다짐의 낮은 목소리.,3.0,120
퓨리오사: 매드맥스 사가,인물의 변화와 세계의 작동원리가 고스란히 담긴 기념비적 액션장면들의 연쇄.,4.5,964
"낸 골딘, 모든 아름다움과 유혈사태",실천하는 삶의 예술과 투쟁하는 예술가의 삶이 뜨겁게 어우러졌다.,3.5,127
그녀가 죽었다,부적절한 톤의 내레이션이 몰입과 주제의식을 약화시킨다.,2.5,190
혹성탈출: 새로운 시대,무엇을 어떻게 계승할 것인지에 대한 숙고가 담긴 품격 높은 블록버스터의 재래.,3.5,307
악마와의 토크쇼,시대적 맥락과 매체의 특성에 토대해 시공간적 제한을 재치있게 활용한다.,3.0,379
힙노시스: LP 커버의 전설,섬광 같은 재능으로 빛을 뿜었던 두 가지 우정 이야기에 담긴 영광과 애수.,3.5,119
챌린저스,그 경기와 영화 전체가 온전한 충족을 향해 질주하는 한 차례의 베드신.,4.0,588
여행자의 필요,느슨하고 한계 많은 소통 속에서 한없이 투명해지려는 영화를 보았다.,3.5,172
범죄도시4,익숙함에서 진부함으로 넘어가는 고개 너머에서 뚝딱.,2.5,430
모르는 이야기,모르겠습니다.,2.0,331
돌들이 말할 때까지,그 바다와 산과 바람과 돌들에 서린 피맺힌 증언.,3.5,97
정순,설렘과 절망에서 분노와 결기까지 김금순의 선명한 얼굴들.,3.0,91
위대한 히트,끊임없이 틈입하는 추억의 속성이 신선한 아이디어와 성숙한 시선에 담겼다.,3.5,92
쿵푸팬더 4,"푸바오도 가고, 쿵푸팬더도 가고.",2.5,403
골드핑거,솔깃한 소재를 그저 현란하게 늘어놓는다.,2.5,89
키메라,묻혀버린 시원의 향수와 사라져버린 고전의 향취를 희구하는 몽환의 발걸음.,3.5,134
악은 존재하지 않는다,"나무와 사슴과 인간의 생사, 선과 악의 범주 자체에서 눈을 돌려 그 막막한 숲을 끝도 없이 올려다보면.",4.5,458
댓글부대,시대의 탁류 속으로 거침없이 뛰어든다.,3.0,279
조용한 이주,벌판의 구덩이 같은 세계에 던져진 외로운 돌덩이 같은 존재의 점멸과 진동.,3.5,118
로봇 드림,흘러가되 떠내려가진 않게 만드는 추억들이 애틋하게 방울방울 .,4.0,670
메이 디셈버,"되묻지 않았던 것들의 선득한 귀환, 의심하지 않았던 판단의 앙상한 잔해.",4.0,252
밥 말리: 원 러브,풍요롭게 넘실대는 밥 말리의 음악이 어떤 험난한 파도에 대한 대응이었는지를 또렷이 보여준다.,3.0,105
돌핀,그 마음을 들여다볼 수 있으면 좋으련만.,2.5,78
레이징 그레이스,강렬한 사회드라마를 희석시킨 흔한 호러 기법의 남용.,2.5,71
가여운 것들,부끄러움을 강요하는 집들을 차례로 벗어난 후 자신만의 거처를 마련하는 자의 기기묘묘한 주유천하.,3.5,557
패스트 라이브즈,우리를 자꾸 되돌아가게 만드는 건 첫사랑이 아니라 아직 손 흔들어 떠나보내지 못한 그 시절 자체.,4.0,1401
듄: 파트2,한 방울도 헛되이 흘리지 않는 영화의 지독한 세공력과 우아한 보법.,4.0,1180
막걸리가 알려줄거야,상상력도 이쯤 되면 거의 시리우스급.,3.5,187
갓랜드,멱살을 붙잡고 공멸해가는 인간사가 허허롭게 건너뛰는 자연 속에 언뜻 맺힌다.,4.0,132
여기는 아미코,닿을 곳을 찾지 못한 구조신호가 아프게 웅웅거린다.,3.5,126
바튼 아카데미,상처를 안고 홀로 견디는 자들의 시공간을 연결하는 디졸브의 짙은 위로.,4.0,466
오키쿠와 세계,가장 냄새나는 세계에 불어넣은 이토록 따스한 시적 정취.,3.5,143
벗어날 탈,소멸과 종결이 인연과 순환으로 꼬리를 무는 정밀하면서 신비한 만다라 같다.,3.5,134
파묘,"허리가 끊겨 양분된 후 힘 못 쓰는 이야기, 편의적 보이스오버로 시각적 상상력을 대체한 맥없는 클라이맥스.",2.5,1720
안데스 설원의 생존자들,캐릭터보다 앙상블에 집중하는 연출로 지옥에서도 어깨를 겯는 생명들의 희망을 고스란히 전한다.,3.5,164
팝 역사상 가장 위대한 밤,뜨거운 마음들이 한데 모여 가장 화려하게 타오르던 그 밤의 열기.,3.5,126
아가일,요란하게 피워올리고 리드미컬하게 누비는 사이키델릭 액션의 재미.,3.0,174
소풍,혼을 담은 열연은 늙지 않는다.,2.5,117
플랜 75,외면하고 싶은 시대의 난제를 정면에서 짚는다.,3.0,132
추락의 해부,결국 이야기의 진실을 결정하는 사람은 화자가 아니라 청자.,4.5,1303
웡카,섭취하기 쉽게 잘라놓은 낭만과 향수 속에서 티모시 샤르르 샤랄라 샬라메.,3.0,2047
"타르콥스키, 기도하는 영혼",다빈치 바흐 톨스토이와 함께 타르콥스키가 시인이기도 하다는 증거.,4.0,126
두 세계 사이에서,나누었던 감정이 진실이었어도 여전히 남는 문제들을 곱씹게 한다.,3.0,88
울산의 별,시스템의 냉혹한 원칙에 얼어붙은 삶의 하루하루.,3.0,100
도그맨,GOD를 거꾸로 하면 DOG라는 새삼스런 재발견에 토대한 괴상한 추진력.,2.5,172
세기말의 사랑,통통 튀는 캐릭터여야 한다는 강박.,2.5,123
나의 올드 오크,혐오로 뒤덮여가는 세상을 향해 호소하는 노대가의 마지막 직설.,3.0,151
노 베어스,"언제 찍거나 멈출 것인가 어디로 따라갈 것인가, 때론 그게 영화의 전부.",5.0,383
립세의 사계,민속학적으로 흥미로울 때가 있지만 내내 텁텁하다.,2.5,113
외계+인 2부,SF의 그림자가 영화의 빛을 덮었다.,2.5,214
클레오의 세계,새로 안경을 맞추고 클로즈업으로 들여다본 어린 날들의 그림자.,3.0,130
티처스 라운지,못 본 척 한 걸음만 물러나도 어느새 까마득한 낭떠러지.,3.5,114
사랑은 낙엽을 타고,삶이 전쟁이고 세상이 전장이어도 아랑곳하지 않는 아키 카우리스마키의 낭만과 유머.,4.0,448
노량: 죽음의 바다,긴 북소리의 이명으로 남은 장중한 피날레.,3.0,312
조이랜드,허리까지 차오른 역할의 수렁에서 나 자신으로 살아간다는 것은.,3.5,113
리빙: 어떤 인생,해왔던 것에서 튕겨져나와 해야할 것을 바라보다 할 수 있는 것을 찾아낸 작은 톱니의 행로.,3.0,156
나폴레옹,함량과 온도를 못 맞춘 맹맹한 풍자극.,2.5,160
괴물,오해를 경유해서 이해에 이르는 경험 끝에 관객은 그 햇살 아래서 증인이 된다.,4.5,5731
싱글 인 서울,잘 살려낸 시대와 현장의 공기 속에서 가치관의 변화가 흥미롭게 반영된 로맨틱 코미디.,3.0,225
서울의 봄,야만과 무능의 그 겨울밤에 대한 분노가 시종 팽팽한 긴장감 속에서 펄펄 끓는다.,3.5,1753
빅슬립,"말투에서 눈빛과 몸놀림까지, 김영성에게 제대로 놀랐다.",3.0,110
더 킬러,그 킬러처럼 “정확히 예측하고 임기응변 하지 않고 단계마다 이게 득이 되는지만 자문하는” 연출의 프로페셔널리즘.,3.5,271
더 마블스,해질녘엔 그림자가 더 길어 보인다.,2.0,351
뉴 노멀,적절한 재치가 돋보이는 챕터와 과도한 센스로 경박해지는 챕터가 함께 담겼다.,2.5,89
우리의 하루,자막 먼저 제시해 의미를 발라낸 후 느끼게 하는 평범한 그 하루의 평화.,3.5,107
두 사람을 위한 식탁,그토록 사랑하고 아파해도 깊이 닿을 수 없는 타인이라니.,3.0,94
괴인,무슨 관계인지도 짐작하기 어려운 인물들의 어떤 연유인지도 모를 사건들 속 뭘 생각하는지 아리송한 심리를 신선하게 탐색한다.,3.5,187
톡 투 미,또렷한 인물 묘사와 센스 넘치는 시점 전환으로 탄력있게.,3.0,145
그대들은 어떻게 살 것인가,미야자키 하야오의 최고작이 될 순 없어도 그의 예술의 총결산이 될 운명을 품은 역작.,4.0,723
플라워 킬링 문,진창에 빠진 채 하늘의 별을 바라보는 자의 비밀과 거짓말.,4.0,310
너와 나,그 흔한 사랑해라는 말을 이처럼 간절하고 사무치게 전하는 영화가 또 있을까.,4.0,935
화란,웅크려 늪의 일부가 된 소년과 발버둥쳐 굴레를 벗으려는 소년의 진한 탄식의 2중주.,3.5,248
당나귀 EO,"당나귀, 인간, 그리고 만물에 깃든 카메라라는 범신론.",4.0,151
크리에이터,되짚어 바라보고 뒤집어 구현하는 SF의 서정과 숨결.,3.5,210
킴스 비디오,영화에 미쳤거나 영화를 핑계로 미친 사람들의 거의 미친 이야기.,4.0,297
거미집,바깥의 수렁을 향하던 분노가 내부의 텅 빈 동굴을 울리기 시작했을 때 밀려드는 탁류에 대하여.,3.5,543
절해고도,자신만의 태도와 속도를 갖춘 영화 속을 걷다보니 어느덧 충만해졌다.,3.5,110
스크래퍼,"모든 좋은 관계엔 우정이 담겨 있다, 그게 부모자식 간이라도.",3.0,173
1947 보스톤,정해진 지점들 사이로 그저 터덜터덜 달린다.,2.0,183
천박사 퇴마 연구소: 설경의 비밀,스타 캐스팅으로도 가려지지 않는 호러 코미디 액션의 조악한 접합.,2.0,298
여덟 개의 산,그 산이 기억하는 것은 결국 여름의 우정이 아니라 겨울의 고독.,4.0,188
플로라 앤 썬,음악에 처음 사로잡히던 순간의 떨림만이 생생할 뿐.,2.5,111
어파이어,불모의 예술과 불능의 사랑으로 허우적대던 자를 폐허에서 소생시킨 한여름밤의 꿈.,4.0,260
어느 멋진 아침,"살며 사랑하며, 잃고 또 되돌아가서.",3.5,137
잠,믿고 싶은 것과 믿게 하고 싶은 것이 맞닿은 신기루에서 몽글거린다.,3.0,494
이노센트,아이들만의 순수한 악과 고유한 싸움.,3.0,85
한 남자,내가 아니어서 더욱 나다워지는 진실의 역설을 마주할 때면.,3.5,231
피아노 프리즘,"건반 위에 흐르는 마음의 이미지, 피아노가 있는 시대의 풍경.",3.0,73
볼코노고프 대위 탈출하다,용서받으려는 용기와 용서하지 않을 결기 사이의 수렁을 보며 아득해진다.,3.5,132
아만다,점프컷의 톡톡 튀는 매력.,3.0,80
강변의 무코리타,정성스럽고 소담스럽게 먹는 장면들에 생의 나날들이 담겼다.,3.0,114
오펜하이머,구조와 플롯 자체가 강력한 핵폭탄이다.,4.5,1301
보호자,예상대로 진행될 때도 그렇지 않을 때도 모두 당혹스럽다.,1.5,211
지옥만세,제목의 패기 대신 어정쩡한 뒷걸음질.,2.5,143
콘크리트 유토피아,이병헌의 최고 연기 중 하나가 아닐까.,3.0,733
퀴어 마이 프렌즈,친구의 삶을 오래도록 지켜본다는 것과 그걸 카메라에 담는다는 것 사이의 딜레마.,2.5,101
비공식작전,캐릭터에서 길어낸 유머와 상황에 맞는 액션이 능숙하게.,3.0,214
더 문,이야기가 다가와야 기술도 보인다.,2.0,400
다섯 번째 흉추,기발한 착상이 한 편의 장편영화가 되는 과정을 생각해본다.,2.5,93
밀수,복고적 판타지를 도드라지게 구현한 톤앤매너의 개성과 활력.,3.0,439
더 썬,"사랑과 믿음만으론 부족하니, 참으로 어려운 삶.",3.0,147
바비,컨셉트가 영화보다 크다.,2.5,1584
러브 라이프,격랑과 아이러니를 넣기 위해 인위적으로 꼬고 또 꼰다.,2.5,101
미션 임파서블: 데드 레코닝 PART ONE,예상하지 못한 액션은 거의 없지만 단계마다 그렇게 끝까지 밀어붙이는 액션도 거의 없을 것이다.,4.0,530
비밀의 언덕,내 마음을 들여다보기와 남의 마음을 헤아려보기 사이에서 성장이란.,3.0,169
보 이즈 어프레이드,"""나의 삶은 태어남에 대한 망설임.""(프란츠 카프카)",4.0,775
엔니오: 더 마에스트로,영화에 영혼이 깃들어 영원이 된 순간들.,3.5,193
어디로 가고 싶으신가요,감정과 사건 사이를 오가는 희미하고도 무력한 발자국들.,2.5,78
애스터로이드 시티,의미를 몰라도 그 삶을 잘 살아낼 수 있다는 것. 믿지 않아도 그 세계에 소중한 것을 모셔둘 수 있다는 것.,4.5,888
인디아나 존스: 운명의 다이얼,어드벤처 무비 고유의 활력과 흥분 대신 향수와 예우.,3.0,211
스파이더맨: 어크로스 더 유니버스,시각적으로나 이야기로나 멀티버스의 잠재력은 이렇게 쓰는 거야.,4.0,1279
"믿거나 말거나, 진짜야",늙지 않는 몸의 저주에 대한 독하고 별난 농담들.,3.0,85
너의 눈을 들여다보면,날개를 접고 내려앉은 시간의 풍경이 주는 위로. 물러나는 세계에서 물러서지 않는 사람의 기품.,4.0,278
플래시,질주의 환상적인 쾌감과 반추의 애상적인 정감.,3.5,345
엘리멘탈,개념의 시각화와 공간적 상상력에서 창의성이 빛난다.,3.5,1066
말없는 소녀,침묵과 여백 속에 환한 둥지를 틀어서 마침내 먼 밤바다의 불빛이 된 그때.,4.0,231
범죄도시3,기회가 생길 때마다 1점씩 또박또박 따내는 코미디.,3.0,558
드림팰리스,그저 몸 하나 편히 누일 공간을 꿈꿨을 뿐인데 이다지도.,3.0,113
카일리 블루스,아직 당도하지 못한 공간에서 이제 되돌릴 수 없는 시간의 파편들을 깁는 법.,4.0,135
스프린터,해가 지기 시작하는 경기장에서는 모든 선수들의 그림자가 길다.,3.5,171
인어공주,오리지널의 명장면들을 화려하게 재현한 뒤 뭍에 오르고부터는 내내 창백하게 늘어진다.,2.0,708
슬픔의 삼각형,잣대들 사이에도 갈등과 위계가 있기에 뒤집혀도 결국 슬퍼진다는 그 삼각형들.,3.5,509
말이야 바른 말이지,동상이몽의 어두운 풍경들 속에 속사포 같은 재치가 담겼다.,3.0,82
토리와 로키타,닫힌 문 밖의 어둠에 서린 스릴을 동력 삼아 더욱 통절하게 나아간 다르덴.,4.0,134
칠중주: 홍콩 이야기,추억에 젖는 사람에게서 느껴지는 그 선량한 무력감.,3.0,93
가디언즈 오브 갤럭시: Volume 3,픽사의 뛰어난 작품들에서나 발견할 수 있을 것 같은 애절한 순정을 마블에서 만나게 되다니.,3.5,1587
클로즈,상실의 사건을 성장의 계기로 쉽게 소비하지 않는다.,3.5,231
리턴 투 서울,"서로 다른 세계와 시간이 쓸리는 접점, 혹은 거기서 일어나는 불꽃과 파편에 대하여.",3.5,117
드림,영화 자체가 전하지 못하는 것들을 경기 해설자가 일일이 다 말해준다.,2.0,523
슈퍼 마리오 브라더스,서비스가 연출의 유일한 목표가 될 때 벌어지는 일들.,2.5,381
무명,윤기 흐르는 시각 스타일과 서성거리는 플롯.,3.0,102
라이스보이 슬립스,그 고단한 세월이 못내 아리다.,3.0,121
존 윅 4,자신이 뭘 하고 있는지 명확히 아는 사람들이 또박또박 구현해낸 액션 장르의 진경.,4.0,799
물안에서,파격적인 실험이 일깨워주는 것들과 덮어버린 것들.,3.0,111
사랑의 고고학,그게 무엇이었는지 세월의 바닥까지 곱씹어야 일어설 수 있는 사람의 우물을 천천히 들여다보았다.,3.0,105
리바운드,"실화의 감동, 그런데 그 팀은 어떻게 그런 성과를 낼 수 있었다는 걸까.",2.5,454
오토라는 남자,비극적 설정으로부터 훈훈한 유머와 힘이 되는 이야기를 계속 능숙하게 길어낸다.,3.5,249
흐르다,매우 사실적인 디테일들이 극중 공간에 단단히 밀착되어 있다.,3.0,90
길복순,"제대로 작동하지 않는 그 아이러니한 세계, 온전히 배어들지 못한 그 쿨한 스타일.",2.0,471
파벨만스,시선이 없다면 사건도 없다.,5.0,1255
모나리자와 블러드 문,알록달록 펑키한 뉴올리언스 밤나들이.,3.0,153
이니셰린의 밴시,의미없음을 견뎌내지 못하는 자와 이유없음을 떨쳐내지 못하는 자가 서로의 손목을 문 채 시간의 수렁에서.,4.5,761
어떤 영웅,어떤 일이 닥쳐도 윤리의 하한선만큼은 기필코 지켜내는 사람의 고결한 영웅담.,4.0,171
소울메이트,원작 영화의 강력한 자장 안에서 힘겹게 움직인다.,2.5,125
보스턴 교살자,물러서지 않고 또박또박 전진하는 영화가 도달한 서늘한 진실.,3.5,134
스즈메의 문단속,작품 전체가 길고 간절하게 수행하는 의례처럼 다가온다.,3.0,592
똑똑똑,지난한 설득의 질긴 시도와 조마조마한 과정 자체가 구원이다.,3.5,195
6번 칸,혹한보다 더 혹독한 외로움이 해내는 일들.,3.5,183
더 웨일,흥건한 연민의 웅덩이에서도 제대로 숨쉬는 배우들.,3.0,342
TAR 타르,얼음장 속의 불덩이 같은 영화와 100%의 블란쳇.,4.5,419
다음 소희,다 보고 나면 더이상 적절할 수 없는 제목이 아프게 파고 든다.,3.0,548
"안녕, 소중한 사람",경첩이 삐걱대는 낡은 문 앞에 힘겹게 선 나를 떠올린다.,3.0,93
성스러운 거미,확신하는 악이야말로 가장 소름 끼친다.,3.5,207
궁지에 몰린 쥐는 치즈 꿈을 꾼다,덜 사랑하는 사람이 권력자라는 오랜 격언.,2.5,141
애프터썬,"""보지 못한 것을 어떻게 보여줄 것인가""에 대한 독창적인 대답들.",5.0,1326
바빌론,"영화에 대해 절절히 고백하는 장대한 서사시, 고귀해서가 아니라 너라서 사랑해.",4.0,1960
라인,마침내 엄마와 딸이 함께 담기면 긴장감으로 프레임이 터질 것만 같다.,3.5,108
교섭,논쟁적 소재를 끌어들이면서도 애써 논란을 배제하려 한다면 왜 그 이야기를 택한 걸까.,2.5,836
유랑의 달,어둡고 황폐한 구석을 예민하게 응시하는 카메라.,3.0,132
해시태그 시그네,"데페이즈망과 데포르마숑, 현대미술 개념들로 축조한  병리학 코미디.",3.5,127
나는 마을 방과후 교사입니다,거기서 흐르는지도 몰랐던 땀과 눈물을 안타까움으로 보았다.,3.0,79
3000년의 기다림,불신과 맹신을 차례로 지나 마침내 이야기와 삶이 공존하는 풍경의 평화.,3.5,311
더 퍼스트 슬램덩크,숨죽이게 하고 환호하게 하며 뜨거운 마음으로 돌아가게 한다.,3.5,1068
메모리아,소리를 희구하는 심상과 언어가 미끄러지면서 일으킨 신비한 공명.,4.5,215
크레이지 컴페티션,허명을 향한 욕망과 위선의 궤적을 들여다보는 만화경.,3.5,118
가가린,진창에서 별을 올려다본다는 것은.,3.5,157
영웅,눈물도 웃음도 넘쳐흐른다.,2.5,205
코르사주,연민의 대상이었던 역사 속 인물에게 코르사주를 벗겨내고 선사하는 자유.,3.0,83
아바타: 물의 길,물에 관한 시각효과와 액션의 모든 것.,3.5,783
나나,감아올리면 악몽이 되고 풀어내리면 귓속말이 되는 비밀의 어둑한 바닥.,3.0,87
더 메뉴,12명의 손님 앞에서 계급론과 예술론으로 화려하게 뒤집어 차린 최후의 만찬.,3.5,367
화이트 노이즈,죽음의 공포 앞에서 문명은 어떻게 거짓희망과 슈퍼마켓을 만들어냈나.,3.5,186
본즈 앤 올,끝내 하나가 되려는 참혹하고도 숭고한 사랑이 핏빛 낭만으로 일렁인다.,4.0,529
요정,"어디선가 그런 부부가 실제 살아가고 있을 것 같고, 그들에게 정말 그런 일이 있었을 것 같다.",3.0,89
탄생,조선 천주교의 초기 역사가 파란만장하다.,2.5,92
"그 겨울, 나는",권다함과 권소현의 향후 활약을 보고 싶다.,3.0,120
기예르모 델토로의 피노키오,참혹한 시대의 그늘에서 동화는 도피처가 아니라 참호다.,4.0,707
아마겟돈 타임,잃고 붙들리고 등돌린 끝에 떠밀려 어른이 되는 그 시절의 끝에서.,3.5,171
올빼미,역사의 여백을 채우는  상상력에 익숙한 배우들의 신선한 호연이 힘을 더했다.,3.0,574
세이레,이야기의 부족한 부피감을 또렷한 표현력으로 넘어선다.,3.0,78
우수,자꾸 돌아가고 잘못 접어드는 그 행로처럼.,2.5,67
"바르도, 약간의 진실을 섞은 거짓된 연대기",두 세계 사이를 배회하는 삶의 혼곤함을 담은 기름진 이미지와 빈곤한 상념.,2.5,109
데시벨,사운드가 핵심인 소재를 다루는데도 소리에 대해 둔하다.,2.0,166
같은 속옷을 입는 두 여자,불투명하게 요동치는 관계의 격랑 속 처절한 자맥질이 선득하게 담겼다.,4.0,205
블랙 팬서: 와칸다 포에버,3년이 넘도록 하염없이 작별 인사를 하고 있는 마블.,2.5,815
탑,그 모두이며 그 누구도 아니다.,4.5,239
알카라스의 여름,‘어떻게’를 몰라도 여전히 위엄 있는 사람들의 땀을 기리는 애달픈 찬가.,3.5,118
자백,쉼없이 뒤집어지는 플롯에도 이상하게 밋밋하다.,2.5,204
수프와 이데올로기,뒤엉킨 실타래 앞에서도 우선 숟가락을 들고 함께 떠먹을 수 있다면.,3.0,93
에브리씽 에브리웨어 올 앳 원스,그 모든 곳에서 그 모든 것이 한꺼번에 될 수 있다 해도 지금 이 순간을.,5.0,6963
대무가,“오늘 대체 뭐 한 거죠?”라는 대사로 끝난다.,2.0,165
물방울을 그리는 남자,삶이 어떻게 영화가 될 수 있는지 매우 아름답고 인상적인 방식 하나를 제시한다.,4.0,149
2차 송환,여전히 뜻을 꺾지 않는 사람들을 다시 21년 더 곁에서 묵묵히 지켜보는 시선의 태산 같은 무게.,3.5,85
달이 지는 밤,"꿈인 듯 현실인 듯 죽음인 듯 삶인 듯, 경계의 선득한 풍경들.",3.5,102
썬더버드,사북의 차가운 밤거리에서 실제로 엿보는 것 같은 사실감.,3.0,72
기기묘묘,이탁 오민애 김재화. <불모지>가 참 좋았다.,2.5,75
9명의 번역가,"효과적인 트릭과 반전들 아래, 승부에서 이기고 순수를 잃게 된 자의 전락이 길게 물결친다.",3.5,163
홈리스,영화가 미뤄둔 그 이후의 일들을 떠올리면 더없이 스산해진다.,3.0,110
성적표의 김민영,만물이 정지한 순간에 끼어들어 오는 딸꾹질 같은 감각과 센스.,3.5,182
공조2: 인터내셔날,명절용 영화가 따로 있는 게 아니다. 그저 잘 만든 영화와 그렇지 못한 영화가 있을 뿐.,2.0,713
노스맨,진흙과 불티와 피로 얼룩진 야만적인 세계가 코 앞에서 으르렁댄다.,3.5,152
썬다운,그곳에선 닐 또는 뫼르소의 실존주의적인 자각과 선택이 투정처럼 보인다.,3.5,111
사랑할 땐 누구나 최악이 된다,불완전한 인간이 불가능한 사랑을 하면서 겪는 불가해한 순간들이 생생하고도 아름답게.,4.5,958
작은새와 돼지씨,포근해진 맘으로 다 보고나면 내 부모님도 카메라에 담고 싶어진다.,2.5,67
불릿 트레인,캐릭터들의 사연을 주워섬기느라 주마간산 액션.,2.5,195
놉,눈과 카메라에 담은 두 개의 이미지로  경이롭게 다시 찍은 영화의 역사.,4.5,891
풀타임,그녀가 집을 나서는 것을 볼 때마다 온통 두근거린다.,4.0,225
리볼버,번쩍거리는 장식들만 덕지덕지.,2.0,78
헌트,"팽팽한 대립 구도에서 박진감 넘치는 전개까지, 투 톱 액션스릴러의 모범 사례.",3.5,1149
모퉁이,마음은 온통 헤매다 결국 같은 자리를 맴돈다.,3.0,92
멋진 세계,지금 물러선다고 영영 패배하는 것은 아니야.,3.0,134
"굿 럭 투 유, 리오 그랜드",도발적일 정도로 솔직한 쾌락의 찬가.,3.0,96
비상선언,중반 이후 항로를 변경해 승부를 거는 사회드라마에서 의아할 정도로 피상적이며 위험하다.,2.0,759
베르히만 아일랜드,내면에서 끌어낸 근력과 예술에서 길어올린 동력으로 관계의 균열을 허위허위 건너다.,3.5,112
한산: 용의 출현,뱃전을 어지럽히는 잔파도에 눈돌리지 않고 당당하게 항진한다.,3.0,479
초록밤,악다구니와 탄식 사이로 어느새 목덜미까지 선득하게 내려온 밧줄.,3.0,87
외계+인 1부,이질적인 요소들로 가득한 그 세계를 설득해내지 못한다.,2.5,457
썸머 필름을 타고!,여름의 표정과 청춘의 기운으로 내내 싱그럽다.,3.5,278
엘비스,영화 자체가 폭죽 같다. 그 끝이 아련하고 스산해서 더욱 그렇다.,3.5,330
로스트 도터,"잃어버린 딸, 잃어버린 엄마, 잃어버린 인형, 끝내 다시 돌아와 검은 물을 게워내는 것들에 대하여.",3.5,170
토르: 러브 앤 썬더,재치와 확장이 아니라 집착과 퇴행으로 보인다.,2.5,657
헤어질 결심,"파란색으로도 보이고 녹색으로도 보이는 그 옷처럼, 미결과 영원 사이에서 사무치도록.",5.0,6189
미친 능력,덕심이야말로 미친 능력.,3.0,120
컴온 컴온,예측할 수 없는 시간 속에서 할 수 있는 건 그저 또박또박 살아내는 것 뿐.,3.5,220
탑건: 매버릭,기계가 인간을 대체해가는 시대에 아직은 어림없다고 외치는 사자후.,4.0,2395
모어,내디딜 때마다 은하수를 걷는 듯.,3.0,115
실종,의표를 찌르는 랠리와 텅빈 마음을 휘젓는 헛손질을 오간 끝에 도달한 완벽한 엔딩.,4.0,250
버즈 라이트이어,무난하게 즐길 만한 픽사 영화를 보았을 때의 양가적인 심정이란.,3.0,274
경아의 딸,소재의 소용돌이에 휘말리지 않은 채 의연하게.,3.0,96
마녀(魔女) Part2. The Other One,너무 멀리 내다보느라 피하지 못한 발 밑 진창에서 제자리걸음을 한다.,2.0,294
브로커,고레에다 히로카즈의 드문 직설에 담긴 마음을 유심히 들여다보게 된다.,3.0,375
윤시내가 사라졌다,독특한 소재가 눈길을 끌 뿐.,2.0,71
애프터 양,목적과 용도 너머에서 숭고함은 어떻게 찾아오는가.,4.5,803
올리 마키의 가장 행복한 날,"50년만에 창고에서 발견된 듯한 영화를 보면서, 오래 전 그런 날들이 있었을까, 있었기를.",3.0,69
카시오페아,점점 비어가는 얼굴과 허물어져가는 어깨를 바라볼 수밖에 없을 때의 무력한 슬픔에 대하여.,2.5,81
쥬라기 월드: 도미니언,메뚜기도 유월이 한 철.,2.5,205
플레이그라운드,텅빈 시선들로 웅웅대는 운동장에서 오직 카메라만이 발을 동동 구르며 지켜본다.,3.5,81
오마주,영화의 퇴락해가는 공간과 인물들을 순례하며 빛과 목소리를 절실하게 되찾아준다.,3.5,137
더 노비스,장면마다 피멍과 물집이 잡혀 있다.,3.0,69
매스,누군가 도중에 나직이 한숨 한번만 내쉬어도 그 세계 전체가 산산이 부서질 것 같다.,4.5,211
"아치의 노래, 정태춘",음악이 시대의 방부제가 될 때. 삶이 저녁의 메아리가 될 때.,3.5,66
범죄도시2,어떤 상황에서도 그의 활약을 조바심 없이 즐길 수 있는 아는 맛.,3.0,699
민스미트 작전,상대의 마음을 제대로 상상해야 통하는 건 전쟁이나 사랑 혹은 예술도 마찬가지.,4.0,151
"파리, 13구","“그 모든 외로운 사람들, 그들은 어디에서 오고 어디에 머무는가” (비틀즈 ‘엘레노어 릭비’)",3.0,123
우연과 상상,"우연이 삶에 틈입하는 세계의 조건일 때, 상상은 그에 대응하는 인간과 예술의 태도이자 무기.",4.0,509
닥터 스트레인지: 대혼돈의 멀티버스,호러적 상상력의 접목이 눈길을 사로잡기는 한다.,3.0,501
봄날,"유머라기보다는 해학, 페이소스라기보다는 애수.",3.0,76
내가 처음으로 사랑한 소녀,역시나 그 순간 비가 와주고 코러스 음악 흘러주고 카메라 빙빙 돌아주다가 부감으로 마무리.,2.5,109
니 부모 얼굴이 보고 싶다,오직 관객에게 분노를 안기기 위해 온통 나쁜 인간들의 나쁜 짓만 담는다.,2.0,236
소설가의 영화,"어둠이 영화의 환경일지라도, 축복처럼 살아남은 우연이 밝힌 이 좋은 날은.",4.0,227
쓰리: 아직 끝나지 않았다,들여다볼 수 없는 불투명한 악과 공백을 용납치 않는 투명한 악 사이에서 혼곤하게.,3.0,61
앵커,맥없이 서걱거리는 ‘블랙 스완’.,2.5,128
"위대한 계약: 파주, 책, 도시",함께 꿈꾼다는 것이 어떤 건지를 짐작해보았다.,3.0,73
말임씨를 부탁해,각각의 곡절을 헤아려보다가 정말임이란 이름을 다시 떠올리게 된다.,3.0,74
신비한 동물들과 덤블도어의 비밀,3편까지 이어지고도 아직껏 문 앞에서 서성이다니.,2.0,471
복지식당,문제의식이 또렷하지만 인물을 가혹한 방향으로만 몰아넣는다.,2.5,70
나의 집은 어디인가,이 야만적인 세상의 풍파를 헤치고 나와 마침내 내리는 닻의 고요함이라니.,4.0,160
루이스 웨인: 사랑을 그린 고양이 화가,달라야 살아남는 예술의 세계와 다르면 살아남기 어려운 일상의 세계 사이에서 눈물 나도록 위태롭게.,3.0,211
앰뷸런스,한계효용체감의 법칙과 30년 가까이 맞서 싸우는 마이클 베이.,2.5,203
타미 페이의 눈,배우 한 명의 에너지가 종종 프레임 바깥으로까지 흘러넘친다.,3.0,108
사랑 후의 두 여자,서로 짐작할 수 있다는 것만으로도 나란히 설 수 있는 상실이란.,3.0,86
배니싱: 미제사건,극단적 상황으로만 이어가던 범죄극에 어울리지도 않는 로맨스까지.,1.5,73
패러렐 마더스,20년 넘게 이어지는 알모도바르의 모성 탐구가 역사의식에 뿌리를 내렸다.,3.0,94
모비우스,미처 빚어지지도 않은 캐릭터가 겅중겅중 뛰어다닌다.,2.0,211
드라이,오스트레일리아의 풍광에만 담길 수 있는 스릴러.,3.0,65
킹 리차드,스포츠 영화의 외피를 두른 이 생생한 가족 드라마는 테니스를 단체 구기 종목처럼 다룬다.,3.5,129
어거스트 버진,계절처럼 흐르다가 머물러 풍경이 된 나를 골똘히 들여다보다.,3.5,83
뜨거운 피,뚝심과 비장미가 있지만 결국 피로가 몰려온다.,2.5,98
벨파스트,"""이분법 사라지는 곳에 낙원이 있다.""(롤랑 바르트)",3.5,273
스펜서,"마침내 인형의 집을 나서는, 거꾸로 쓴 신데렐라 이야기",4.0,550
고양이들의 아파트,고양이에겐 다정하고 인간에겐 담담하며 도시에겐 서늘하다,3.5,111
문폴,롤랜드 에머리히 영화라는 걸 감안하면 특별히 실망스럽진 않았다 그래서 별점은,2.0,161
레벤느망,부조리한 제도와 자욱한 편견을 몸의 언어로 저릿하게 돌파한다,3.5,194
이상한 나라의 수학자,"‘파인딩 포레스터’의 얼개를 일차방정식으로 파악한 후, 한국적 소재를 대입해서 대충 푼다",2.5,247
더 배트맨,진실을 확신할 수 없어도 행동하기를 멈추지 않는 자가 만들어낸 희망.,4.0,844
소피의 세계,"지날 땐 모르는 일들, 시간이 흐르고서야 맥이 잡히는 나날들이 설풋하게 남았다.",3.0,96
피그,슬픔에게도 시간이 필요하다.,3.5,160
우리가 사랑이라고 믿는 것,문학적이라는 말이 한 영화가 지닌 개성과 성취에 대한 찬사가 되는 경우.,3.5,128
안테벨룸,기가 막힌 아이디어라고 무릎을 쳐가며 각본을 써나갔겠지만.,2.0,179
나이트메어 앨리,폐수처럼 매캐하게 마음으로 흘러드는 전락의 스펙터클.,4.0,308
축복의 집,그 모든 힘겨운 절차를 옆에서 함께 용쓰며 지켜본 듯하다.,3.0,72
시라노,가장 낮은 골짜기에서 탄식할 때조차 아름다운 멜로디와 우아한 서정으로 넘실댄다.,3.5,105
인민을 위해 복무하라,"‘색, 계’라니요, ‘화양연화’라니요, 대체.",1.5,414
리코리쉬 피자,효용이 사라진 후에야 깨닫게 된 사랑의 가치로 온통 찬란한 달음박질.,4.0,358
굿 보스,모두에게 제자리로 돌아가라 요구하면서 정작 제자리로 돌아가길 원하는 사람은 외면해 제자리를 지켜내는 자본가의 위선에 대한 신랄한 조롱.,4.0,136
더 마더,어려운 숙제를 굳이 자청해 쩔쩔매면서 수행하는 것처럼 보인다.,2.0,66
나일 강의 죽음,1937년의 이야기를 1978년에 영화로 옮긴 오리지널을 1999년쯤 리메이크한 영화 같다.,2.5,252
킹메이커,목적과 수단의 관계에 대한 오랜 난제가 한국정치사 무대에 묵직하게 담겼다.,3.0,337
해적: 도깨비 깃발,웃음보다 번번이 먼저 도착하는 강박.,1.5,230
원 세컨드,영화가 파일로 넘쳐나는 세상에서 필름 한 조각의 의미를 골똘히 들여다본다.,3.0,95
인어가 잠든 집,강렬한 의학적 딜레마를 곱고 화사하게 다룬다.,2.5,62
어나더 라운드,삶이란 어느덧 비극이고 어쩌다 희극이며 어쩌면 한바탕의 춤.,4.0,886
미싱타는 여자들,"야만의 시대에 뜻하지 않게 뒤엉킨 삶들, 서로 강인하게 얽혔기에 이겨낸 사연들.",3.0,102
웨스트 사이드 스토리,감독들에겐 자신의 손으로 다시 만들어보고 싶은 영화가 하나씩 있나 보다.,3.0,278
프랑스,"구원은 무망한 반복 속의 작은 변화에 담기고, 진실은 피상적 표식 속의 신비한 모순에 스민다.",4.5,176
하우스 오브 구찌,요란하게 명멸하는 가십의 세계.,3.0,160
맥베스의 비극,빛을 갉아먹는 그림자와 땅을 찍어누르는 하늘과 운명을 뒤덮는 안개로 부리는 조엘 코언의 도술.,4.5,153
노웨어 스페셜,특별할 곳 없는 세상에 혼자 남을 아이의 옆자리를 살피는 마음이란.,3.5,154
램,까마득히 먼 곳의 눈사태가 어느새 발밑까지 몰려온 것을 깨닫게 되는 하얀 악몽처럼.,3.0,126
드라이브 마이 카,치유도 창작도 그 핵심은 어디에 어떻게 귀기울일 것인가의 문제라는 경청의 걸작.,5.0,927
매트릭스: 리저렉션,진영을 뒤섞은 뒤에 후루룩 되비춰낸 거울나라의 매트릭스.,2.5,150
킹스맨: 퍼스트 에이전트,이건 킹스맨인 것도 아니고 아닌 것도 아니야.,2.5,414
스파이더맨: 노 웨이 홈,오래 사랑받아온 시리즈만이 선사할 수 있는 선물에 저절로 미소와 탄성이 번진다.,4.0,3585
돈 룩 업,톡톡 쏘는 냉소와 신랄한 비판으로 난사하는 대환장파티 교훈극.,3.5,1066
티탄,강력하게 쏘아올려진 후 길을 잃어 엉뚱한 구역에 떨어진 오발탄 같다.,2.5,276
유체이탈자,좁은 울타리 안에서 거친 액션만으로 뱅뱅 맴돈다.,2.0,111
베네데타,"기도하고 탐닉하며 고통받고 광란하는, 몸의 시퍼런 현존.",4.0,179
로그 인 벨지움,혼자일 때 외롭고 멋진 나.,2.5,93
라스트 나잇 인 소호,현란하게 밀고 가던 심리 스릴러가 진부한 호러로 끝난다.,2.5,411
프렌치 디스패치,"중요한 것은 사건이 아니라 서술된 사건, 그리운 것은 과거가 아니라 봉인된 과거, 아름다운 것은 세계가 아니라 간접체험된 세계.",4.5,1254
디어 에반 핸슨,나도 무관하지 않다고 애써 말하는 것은 인간이 거대한 비극을 견뎌온 방식.,3.5,204
파워 오브 도그,사냥개처럼 정확하고 피아노처럼 우아하며 토끼처럼 애처롭고 밧줄처럼 서늘하다.,4.5,542
"러브 어페어 : 우리가 말하는 것, 우리가 하는 것",사랑은 그 모든 것이면서 그 어떤 것도 아니다.,3.5,129
뉴 오더,영화가 문을 닫아걸고나면 흡사 질식할 것만 같다.,3.0,88
퍼스트 카우,우정의 거처에서 고쳐 상상하는 서부극의 곡진한 순간들.,5.0,260
빌리 홀리데이,'스트레인지 프루트'를 온전히 담아낼 때만 가슴이 울렸다.,2.5,75
이터널스,인피니티 사가가 휩쓸고간 우주와 지구에서 다시 거대하고 대담하게 터를 닦는다.,3.0,335
세버그,인물과 시대의 가장자리에서 물장구만 친다.,2.0,84
아네트,영화를 만드는 게 죽지 않고 진실을 밝히는 유일한 방법인지도 모를 카락스의 심연.,4.5,448
당신은 믿지 않겠지만,설정과 도착점만 있었던 감상주의.,1.5,76
라스트 듀얼: 최후의 결투,명예와 낭만의 미명 하에 철저히 왜곡된 세상의 처절할수록 허망해지는 결투.,3.5,341
휴가,"일하는 손의 힘, 외유내강의 영화.",3.5,89
첫눈이 사라졌다,설풋 꿈을 꾸고 일어난 겨울날 오후에 어느새 내린 서설을 바라보는 듯하다.,4.0,98
울림의 탄생,북소리에 담긴 땀과 시간과 의지를 헤아리게 된다.,3.0,48
당신얼굴 앞에서,한없이 투명에 가까운 얼굴.,4.0,111
듄,하나의 세계를 명확히 채운 온도 습도 채도.,3.0,626
쁘띠 마망,이슬처럼 맺히는 맑은 감동에 엄마를 이름으로 불러보고 싶어진다.,3.5,177
다함께 여름!,그 모든 혼란까지도 싱그럽다.,4.0,103
스틸워터,두툼하게 성실한 맷 데이먼.,3.0,117
내가 날 부를 때,그렇게 끝맺으면 그 전까지 한 말들은 다 뭐가 되나요.,2.5,67
007 노 타임 투 다이,엔딩이 중요한 영화일 텐데 시간이 흐르면 오프닝만 기억에 남을 것 같다.,2.5,664
용과 주근깨 공주,보여줄 것은 꽤 있었지만 들려줄 것은 별로 없었던.,2.5,173
종착역,자유와 방관이 공존하는 듯한 열린 상황극.,2.5,65
보이스,교육적 효과가 영화적 성취보다 더 커 보인다.,2.5,437
아임 유어 맨,재미와 사색을 적당히 버무린 영화를 바라는 관객들 취향을 인공지능이 구현한 듯.,3.0,105
좋은 사람,‘좋은 사람’과 ‘좋은 사람처럼 보이고 싶은 사람’ 사이의 어둑한 틈새.,3.0,122
바쿠라우,"이래도 되나, 어디까지 가려나, 거의 광기에 다다른 폭발적 에너지.",4.0,139
최선의 삶,"마음을 들여다본다는 것, 그때를 돌아다본다는 것.",3.0,119
샹치와 텐 링즈의 전설,일단 괴수들이 등장하고나면 그 전까지의 과정이 다 무의미하게 느껴진다.,2.5,707
코다,"“루비 튜스데이여 안녕히, 꿈을 잃으면 당신은 미치고 말 거에요.” (롤링 스톤즈 ‘루비 튜스데이’)",3.0,227
자마,"중심과 주변, 문명과 야만을 나누는 서구의 근대적 이분법에 교란과 분산으로 선명하게 맞선다.",5.0,159
올드,"시간 앞의 근원적 공포를 다룬 관조, 가치를 숫자로만 파악하는 양적 공리주의에 대한 비판이 연이어 또렷하다.",3.5,342
언더그라운드,우리가 디디고 선 도시 아래로 흐르는 땀을 또박또박 묵묵히 담아낸다.,3.0,66
인질,눈길을 끄는 설정에 맞게 제대로 캐스팅한 후 명확한 목표지점을 향해 질주한다.,3.0,228
프리 가이,착한 영화는 뻔하고 지루하다는 편견을 깨면서 내내 탄탄하고 유쾌하게.,3.5,657
싱크홀,타율 낮은 개그 넣느라 분주한 싱크홀 안과 눈물만 떨구는 싱크홀 밖이 전혀 딴 세상.,1.5,435
그린 나이트,집에 돌아와 자리에 누워도 천장에서 영화가 계속 상영된다.,5.0,604
더 수어사이드 스쿼드,진작 이렇게 했어야지.,3.5,682
모가디슈,규모와 세기를 안정적으로 함께 구현한 프러덕션의 승리.,3.0,489
"우리, 둘",긴 세월을 눌러 담은 감정의 스펙터클.,3.5,87
피닉스,재생의 날갯짓은 멀기만 한 폐허에서 그토록 나지막이.,4.5,258
워스,처리해야 할 실용적 질문을 곱씹어야 할 근원적 질문으로 고쳐 묻는다.,3.0,73
랑종,천지는 어질지 않아서 만물을 짚으로 만든 개처럼 여긴다. (노자 '도덕경'),3.5,732
오필리아,잘 알려진 이야기를 새롭게 다시 쓰는 일의 어려움.,2.5,84
나는 나대로 혼자서 간다,형식의 장력이 138분의 러닝타임을 지탱하지 못한다.,2.5,60
메이드 인 루프탑,체화되지 않은 상큼함.,2.5,60
블랙 위도우,굴레에서 벗어나 이름을 되찾는 연대의 불꽃은 극 초반 옥사나의 숭고한 최후에서 처음 피어올랐다.,3.0,508
트립 투 그리스,소소한 행복감을 계속 선사했던 지적인 시리즈를 그리스에서 제대로 마무리한다.,3.5,60
학교 가는 길,더이상 아무도 절박함에 무릎 꿇지 않도록 하는 세상이 오기를  간절히.,3.0,89
웬디,오래된 동화가 늙는다는 것의 이면을 문명의 저편에서 새롭게 바라본다.,3.0,69
흩어진 밤,"정곡을 찌르는 아이들, 쩔쩔매는 부모들, 대화하면서 뭔가 하고 있는 설정들이 그저 반복된다.",2.5,62
루카,미야자키 하야오에 대한 픽사의 정감 넘치는 화답.,3.5,342
"그 여름, 가장 차가웠던",과거의 사건 하나로 내내 현재를 밀고 가다가 힘에 부친다.,2.5,66
클라이밍,기술적 한계 사이로 상상력의 한계가 종종 드러난다.,2.5,59
캐시트럭: 그 남자의 분노,다 보고나면 간 폐 비장 심장의 순서까지 외우게 된다.,3.0,266
낫아웃,그 아이의 절박함이 내내 생생하고 쓰린다.,3.5,114
애플,망각이 병인 세상에서 기억을 앓는 자의 깊숙한 환부.,4.0,188
크루엘라,맵시 있게 변주된 캐릭터가 열정과 냉정 사이의 런웨이를 화려하게 누빈다.,3.0,429
인트로덕션,말하지 못한 것 말할 수 없는 것 불쑥 말해버린 것을 감싸 안는 세 번의 포옹으로 구두점을 미루며 다음 세대를 바라보다.,3.5,164
보이저스,'파리대왕'의 설정을 우주로 옮긴 후 내내 서성댄다.,2.5,88
분노의 질주: 더 얼티메이트,브레이크를 밟지 않고 마냥 팽창하는 시리즈가 끝내  내달릴 곳은 선사시대? 사후세계? 꿈 속?,3.0,237
"쿠오바디스, 아이다",이 절박한 이야기에서 아이다에게 어디로 가냐고 한가롭게 묻다가 고개를 떨궈야 할 자는 바깥 세계.,4.0,136
슈퍼노바,사라지는 모든 것들은 잊지 못할 빛을 남긴다고 기어이 믿고 싶다.,2.5,89
내가 죽기를 바라는 자들,"살리기 전문가들과 죽이기 전문가들의 간명한 대결, 어떤 방향을 향할 것인가.",3.5,130
아이들은 즐겁다,아이의 시선을 상상할 때 찾아드는 평화.,3.0,88
더 스파이,속고 속이는 첩보의 세계에서 믿음으로 내뻗는 손이 전하는 역설적 감동.,3.5,168
"좋은 빛, 좋은 공기",그 푸르른 쑥갓과 그 힘찬 두꺼비들까지 함께 불러와서 기억한다.,3.5,68
유다 그리고 블랙 메시아,"이 장중한 영화에서 다니엘 칼루야만큼이나 러키스 스탠필드도 훌륭하다, 어쩌면 더.",3.5,150
"무순, 세상을 가로질러",걷거나 뛰어야만 경험할 수 있는 세상이 있다.,2.5,60
노매드랜드,되돌아가 같은 곳을 두 번째 떠나고서야 홀로 서게 된 자의 자욱한 여로.,4.0,600
레 미제라블,두 마리의 새끼 사자를 어찌할 것인지 시종 폭풍처럼 몰아친다.,5.0,290
서복,물어야 할 타이밍이어서 굳이 묻는 질문들.,2.5,259
더 파더,받아들일 수 없는 현실에서 벗어나려 발버둥치는 자의 심리가 끊임없이 되먹임되는 독창적 플롯의 페이소스.,4.5,382
낙원의 밤,"발이 땅에 붙지 않는 비장미, 임팩트 있는 대사에 대한 조급증.",2.5,304
비밀의 정원,캐묻지 않고도 함께 시간 속을 걸어갈 수 있는 마음에 대하여.,3.0,96
아무도 없는 곳,잘 만들어서 믿게 되는 귀한 이야기들을 들었다.,3.5,213
자산어보,재료를 잘 알고서 담백하고 든든하게 끓여낸 생선국을 대접 받은 듯.,3.5,448
스파이의 아내,믿을 수밖에 없어서 적극적으로 믿었던 자 혹은 국민이 목도한 폐허.,4.0,230
인천스텔라,어이 없을 정도로 뻔뻔한데 가끔씩 사랑스럽기도 하다.,2.5,86
모리타니안,인권은 대상에 따른 예외가 없다는 것을 강력하게 설득한다.,3.5,148
파이터,배우의 호연에도 불구하고 클로즈업 쇼트들이 긴 지속시간을 버텨내지 못한다.,2.5,68
정말 먼 곳,인간사 그 모든 번민을 다 품어줄 것 같은 풍광.,3.0,96
포제서,나로 내세우고 싶은 나와 속에서 거칠게 숨쉬는 나 사이의 섬뜩한 파찰음.,4.0,129
미나리,미나리라는 단어가 흡사 간절한 기도문처럼 들린다.,3.5,773
밤빛,느릿느릿 흐르는 그 슬픈 평화.,3.0,74
고백,메시지가 영화를 구하진 못한다.,2.0,100
빛과 철,"저마다의 복합적 입장을 담은 고밀도 화법, 아쉬가르 파라디가 한국영화를 만든다면.",3.5,143
미션 파서블,몇 번 웃기 위해 몇십 번 헛웃어야 한다면.,2.0,137
퍼펙트 케어,누아르의 전형적 팜므 파탈에 대한 현대적 캐릭터의 일갈.,3.0,149
아이,눈길을 끄는 설정과 호연으로 차근차근 오르다가 한꺼번에 추락한다.,2.5,93
페어웰,마음 속 외로운 새를 어떻게 날려보내어 안녕을 고할 것인가.,3.5,151
승리호,기술적 성취를 가리는 몰개성의 작법.,2.5,973
세자매,문소리는 탁월하고 김선영은 굉장하며 장윤주는 놀랍다.,3.5,604
극장판 귀멸의 칼날: 무한열차편,"갈아만든 액션, 실로 진하다.",3.5,765
나는 나를 해고하지 않는다,직설적이고 결연한 제목에 걸맞다.,3.0,88
소울,이제껏 22편을 만든 픽사가 재발견한 일상이라는 불꽃의 바다.,4.5,3312
"오늘, 우리 2","리얼리티와 메타포를 능숙하게 조화시킨 '낙과', 캐릭터가 신선한 '갓건담'.",2.5,67
요요현상,관람 후 나의 요요를 떠올리는 순간 몰려오는 안개와 바람.,3.0,72
블라인드,촉각의 로맨티시즘.,3.0,116
완벽한 가족,재치를 부리고 굴곡을 넣느라 논쟁적 사안에 대한 제언의 힘이 약화됐다.,2.5,62
나이팅게일,참혹한 제노사이드 역사를 노골적으로 묘사하고 직접적으로 고발한다.,2.5,68
운디네,상실된 사랑과 소실된 역사를 신비로운 물의 감촉으로 고쳐 쓴다.,4.0,181
원더 우먼 1984,고개를 끄덕이면서도 언제 훈시가 끝날지 계속 시계를 힐끔거렸던 오래 전 조회시간처럼.,2.0,388
썸머 85,미스터리를 중심 동력으로 삼을 필요가 없었던 이야기.,2.5,95
겨울밤에,"상실의 계절, 겨울의 환(幻).",3.5,65
조제,위태로운 사랑의 존재론을 산발적인 감정의 풍경화로 대체한 리메이크.,2.5,164
이제 그만 끝낼까 해,파리하게 회귀하는 강박과 슬픔 끝에 눅눅한 구두점을 향하여.,5.0,325
언컷 젬스,오늘만 사는 자의 악다구니만으로 온통 들끓어 오르는 작품을 만들었다.,4.5,363
딕 존슨이 죽었습니다,자신의 죽음으로 계속 농담할 줄 아는 사람이 주는 위안.,4.0,148
잔칫날,고단한 삶의 극심한 아이러니 속에서도 상투성의 함정에 빠지지 않고 먹먹하게.,3.5,127
럭키 몬스터,참신한  착상을 밀고 나갈 자신만의 스타일을 갖췼다.,3.5,102
내언니전지현과 나,한국사회에 대한 알레고리로서나 변화를 일궈낸 우정의 이야기로서 모두 인상적.,3.0,109
그리고 우린 춤을 추었다,맨 뒤에 뜨는 제목까지 접하고나면 마지막 자유로운 독무는 결국 뜨거운 2인무.,3.5,105
콜,"그 광기, 그 독기, 그 한기, 그 똘끼의 전종서.",3.0,562
안티고네,신화적으로 풍성하고 윤리적으로 꼿꼿하다.,3.5,123
맹크,영화는 타협의 예술이지만 예술가에겐 물러서지 말아야 할 지점이 있다는 다짐.,4.0,290
런,한정적으로 설정한 뒤 구석구석 찔러가며 깔끔하게 득점한다.,3.0,298
킹덤 오브 헤븐,"공존 자체를 거부하면 ""아무 것도 아니""지만 공존의 윤리를 받아들이면 모두에게 ""전부""가 되는 그때 그 예루살렘, 지금 이 세계. (감독판)",4.0,272
구직자들,미처 영화 속으로 스며들지 못한 그 많은 대사들.,2.0,63
걸후드,주저하지 않는 셀린 시아마 영화의 힘.,3.5,111
마틴 에덴,사랑이야말로 철저히 계급의 장력에 지배된다는 것을 드러내는 통찰과 기품.,4.0,204
젊은이의 양지,질식할 것 같은 세상이 그저 질식할 것 같은 화법에 담겼다.,2.5,67
베이비티스,비극 앞에서 모두가 똑같은 방식으로 슬퍼해야 하는 건 아니에요.,3.5,161
삼진그룹 영어토익반,묵직한 소재를 깔끔하고 산뜻하게 다룰 줄 아는 감각.,3.0,716
소리도 없이,장르의 관습에 발목 잡히지 않은 채 자신만의 보법으로 신선하게 걷는다.,3.5,458
우리가 이별 뒤에 알게 되는 것들,눈길을 끄는 설정을 감당하지 못하는 평범한 작법.,2.5,63
담보,명절에는 이런 영화면 된다는 낡은 생각.,2.0,460
국제수사,능력 있는 배우들이 모여도 한숨 나오는 영화가 나올 수 있다는 안타까운 증거.,1.5,311
디바,흥미진진한 관계를 그저 펼쳐내기에만 급급한 스토리텔링.,2.5,115
다시 만난 날들,풋풋하고 고운 감성이 지나치게 관습적인 이야기의 틀에 갇혔다.,2.5,69
뮬란,'매직'이 다 빠져서 맹탕이 되었다.,2.0,258
도망친 여자,중심에 구멍을 낸 뒤 사건의 뒤안길에서 일렁이는 마음의 그림자를 물끄러미 들여다본다.,4.0,171
테스와 보낸 여름,아픔을 딛고 추억을 빚으며 세상 구석구석에서 아이들이 자란다.,3.0,116
뉴 뮤턴트,장르의 접합에서 새로운 활력을 전혀 끌어내지 못하고 제목에만 'new'를 넣었다.,1.5,170
오! 문희,배우와 기획만 있었을 뿐.,2.0,112
후쿠오카,경계를 문질러 홀리게 하는 몽유의 순간들.,3.0,105
테넷,이토록 복잡한 플롯을 시각적이고 지적인 쾌감으로 전달해내는 놀런의 고유성.,3.5,780
남매의 여름밤,눈 앞에서 유년기의 어느 계절이 절실하게 흘러간다.,4.0,503
69세,논점을 명확히 파고들면서 사려 깊은 태도도 잃지 않는 연출의 신뢰감.,3.5,174
오케이 마담,내내 터지는 웃음이 아니라 종종 새는 웃음.,2.5,242
반교: 디텐션,품이 넓어서 더욱 슬픈 호러의 긴 여운.,3.5,163
다만 악에서 구하소서,확고하게 관철해낸 스타일로 의문들을 잠재운다.,3.0,376
주식회사 스페셜액터스,연기와 인생이 서로를 어떻게 일으켜 세우는지를 어이없으면서도 사랑스런 유머에 담아낸다.,3.5,118
카메라를 멈추면 안 돼!,한 편의 영화를 완성하기 위한 그   모든 땀과 눈물에 바치는 (웃다가 턱이 빠질) 연서.,4.5,630
메멘토,홀린 듯 사로잡히게 되는 구조의 마력.,4.5,352
소년 아메드,무력감을 넘어서 그 여린 손에 무엇을 쥐어줄 것인가.,4.0,166
강철비2: 정상회담,논쟁에 불을 당기는 거대한 이야기를 야심과 직설로 힘차게 펼친다.,3.0,245
마티아스와 막심,"모든 좋은 관계엔 좋은 우정이 있다, 그게 사랑이라도.",3.5,313
블루 아워,흥미로운 에피소드들을 모았는데 흥미롭지 못한 영화 한 편이 나오게 된 경우.,2.5,106
반도,"좀비는 그저 환경일 뿐, 절망적인 땅에서 고립되어 미쳐가는 자들과 희망을 함께 발명하는 자들의 대비를 인상적으로 펼쳐낸다.",3.0,479
그레텔과 헨젤,화려한 그릇에 빈약한 요리를 담았다.,2.5,71
소년시절의 너,세상 끝까지 지켜줄 단 한 사람에 대한 감상적 판타지에 숨결을 불어넣은 주동우.,3.0,474
밤쉘: 세상을 바꾼 폭탄선언,용기있는 첫번째 목소리도 소중하지만 그에 연대하는 두번째 목소리도 절실하다.,3.0,571
트랜짓,떠난  자와 남겨진 자의 기억 사이에서 유령처럼 혼곤한 배회.,4.0,176
욕창,한국 가족제도 속 전형적 딜레마에 빠진 노년의 나날을 깊고 생생히 다룬다.,3.5,80
#살아있다,'부산행' 이후만 해도 우리가 본 좀비영화가 몇 편인데 이렇게 편의적으로만.,2.0,678
부력,참혹한 소재가 알리는 현실이 연출의 공력을 압도한다.,3.0,105
사라진 시간,내가 아닌 나로 살아가야 하는 나날의 아픔.,3.0,213
야구소녀,"온 세상이 한 소녀의 꿈을 응원하는 얘기가 아니라, 꿋꿋이 길을 가는 한 사람이 주변을 변화시키는 얘기.",3.0,538
결백,무슨 말을 꺼내도 결국엔 또 쥐어짜는 사모곡.,2.0,230
환상의 마로나,"내내 미안해, 그저 고마워.",4.0,240
에어로너츠,공간적 제한을 창의적으로 돌파해내는 순간이 끝내 도래하지 않는다.,2.5,96
프랑스여자,희박하지만 질긴 기억 속에서 끝없이 표류하는 경계인의 초상.,3.5,114
침입자,솔깃한 문제를 던지고나서 허탈한 답을 쥐어준다.,2.5,179
더 플랫폼,크고 뻔한 절망들 뒤의 작지만 뻔하지 않은 희망을 찾아서.,4.0,292
톰보이,그 여름의 탐색과 성장을 한 호흡에 담아 관통한다.,3.5,192
사냥의 시간,결국 이곳밖에 없다는 서스펜스.,3.0,205
너의 새는 노래할 수 있어,여린 목소리로 끊길 듯 노래하는 작은 새처럼.,3.0,85
페인티드 버드,일단 다른 색깔을 칠해버리기만 하면 뚝딱 생겨나는 지옥에 대하여.,3.5,101
주디,르네 젤웨거의 모든 것.,3.0,186
다크 워터스,일순간 진격하는 자가 아니라 세월 앞에서 물러서지 않는 자에게 경의를.,3.5,315
찬실이는 복도 많지,웃을 일 적은 세상에 이 사랑스러운 영화가 전하는 작은 복.,3.5,523
빈폴,전쟁과 삶의 상흔을 여성의 얼굴로 깊숙이 들여다본다.,3.5,96
1917,지도보기도 못하면서 우연히 피택된 자가 계속 길을 가려면 끊임없이 물을 수밖에 없다.,4.0,1729
문신을 한 신부님,성과 속의 경계선에서 공동체의 딜레마와 인간의 모순을 깊숙이 들여다본다.,3.5,167
작은 아씨들,"시대적 한계로 타협했던 원작 결말의 본뜻을 되살려낸, 원작자 올컷보다 더 올컷같은 재해석.",3.5,1435
조조 래빗,콧날이 시큰한데도 어느새 미소를 머금고 고갯짓을 하게 된다.,3.5,827
페인 앤 글로리,가장 아프게  하는 것은 가장 사랑하는 것이다.,4.0,462
성혜의 나라,햇살 속으로 들어서야 할 세대에게 흑백으로 음울한 그늘을 얹어주는 그 나라.,3.0,102
스파이 지니어스,능란하게 완급을 전환하는 리듬이 즐겁다.,3.0,118
사마에게,완성 자체가 희망처럼 보이는 영화가 있다.,4.0,561
작은빛,극중 인물들이 그 공간에서 실제 오랫동안 살아온 것처럼 보인다.,3.0,90
남산의 부장들,건조한 연출의 바탕 위에서 일급배우들의 화려한 연기 테크닉이 빛을 발한다.,3.0,769
신의 은총으로,'신의 은총으로'라는 말 뒤에 숨은  인간의 악행을 향한 서릿발 같은 분노.,3.0,114
타오르는 여인의 초상,"서로를 응시하는 시선으로 선연하게 타오르는, 영화 자체가 아름다운 불꽃같다.",5.0,1343
차일드 인 타임,잃어버린 자식에 대한 비통한 이야기라기보단 상실한 유년성에 관한 신비로운 이야기.,3.0,114
스타워즈: 라이즈 오브 스카이워커,결국 제각각 따로 놀게 된 지그재그 3부작의 지리멸렬 피날레.,2.5,348
디어스킨,저 세상 유머감각과 전방위적 풍자로 시침 뚝 떼고 내달린다.,3.5,124
파바로티,낙천성은 예술에 어떻게 기여하는가.,3.0,83
천문: 하늘에 묻는다,두 배우의 다감한 연기만큼은 인상 깊었지만.,2.5,287
캣츠,왜 영화였을까.,1.5,552
"고흐, 영원의 문에서",흩뜨리고 흔들어 상상해보는 고흐의 마지막 시선들.,3.0,136
백두산,초반 잠시 반짝한 뒤 내내 우왕좌왕.,2.0,327
두 교황,불완전한  언어에 은총이 깃드는 순간들.,3.5,282
파비안느에 관한 진실,삶은 끊임없이  고쳐 써야 하는 자서전 같은 것.,4.0,401
나이브스 아웃,정신 바짝  차리고  보아야  할 후더닛무비의 짝짝  달라붙는  재미.,4.0,970
포드 V 페라리,"뛰어난 자동차경주 영화면서, 결국 본성을  찾아가는 자와 마침내  본성을 바꾸는 자가 그려내는 감동적인 쌍곡선 휴먼드라마.",4.5,1271
결혼 이야기,위트 넘치는 터치로 끝내 사무친다.,4.0,685
나를 찾아줘,해야될 것 같은 이야기와 하고 싶은 이야기가 뒤엉킨 듯 보인다.,2.0,190
오피셜 시크릿,신념의 궤적을 장식없이 또박또박 밟아나간다.,3.0,92
아이리시맨,마틴 스콜세지의 21세기 최고작.  위대한 영화인들이 모여 기대를 제대로 충족시킨다.,5.0,648
겨울왕국 2,"화려하고 아름다우며 바르다, 전편처럼.",3.5,592
코끼리는 그 곳에 있어,놀랍고도 절실한 데뷔작을 유작으로 만나야 하는 안타까움.,4.0,164
시빌,그렇게 격렬한데 이렇게나 허망한.,2.5,79
윤희에게,은은한 향기가 영화 내내 감돈다.,3.5,784
닥터 슬립,'샤이닝' 테마파크에서 주마간산.,2.5,174
왓 데이 해드,치열하고 치밀한 작법(생의 미로-비티와 세 개의 열쇠).,3.5,74
터미네이터: 다크 페이트,제임스 카메론이 연출하지 않는 한 이제 터미네이터2에 필적하기는 어차피 어려울 터이니.,3.0,236
하이 라이프,고삐 풀린 상상력과 대담한 작법으로 비틀어낸 에덴의 어두운 저편.,4.0,181
"오늘, 우리",2019년은 재능 있는 여성 감독들의 진입이 두드러진 해.,3.0,409
날씨의 아이,"맥없이 재활용하는 전작의 모티브들, 심지어 단점까지도.",2.5,594
경계선,"잊지 못할 만큼 강렬하고 전복적이며, 그 어떤 영화와도 다르다.",5.0,563
82년생 김지영,영화의 안과 밖을 폭넓은 공감으로 연결하는 전형적 사례모음집.,3.0,693
퍼펙트 스트레인저,오리지널에 거의 다 있었구나.,3.5,120
버티고,발이 빠지지 않는 자기연민의 수렁.,2.0,103
제미니 맨,기술이 빛을 받을수록 짙어지는 이야기의 낡은 그림자.,2.0,131
조커,와킨 피닉스가 등장할 때마다 강력한 영화적 중력으로 공간들이 휘는 듯 느껴진다.,4.5,1453
트루 시크릿,스스로의 가면을 손가락으로 가리키며 휘청휘청 걷기.,3.5,94
원스 어폰 어 타임... 인 할리우드,참혹한 가십의 세계에 박제됐던 한 인물을 영화에 대한 꿈과 사랑이 넘쳤던 영화인의 자리로 옮긴다.,4.0,1318
메기,러닝타임 내내 분수처럼 솟구치는 재기 가득한 아이디어들.,3.5,687
더 룸,이젠 피조물이 아니라 창조주의 위치에서 인류가 직면하게 된 딜레마를 강렬하게 폭주하며 다룬다.,3.5,168
미드 90,넘어지고 부딪치면서 배워간 어린 날들에 대한 낭만적 회고담.,3.0,252
블러드 심플,오해와 무지의 유혈극. 코언형제의 스타일과 세계관은  처음부터 완성태였다.,4.0,209
예스터데이,야망을 줄인 채 비틀즈가 존재하는 세상에  시종 유쾌하게 감사드린다.,3.0,240
애드 아스트라,이 망망한 우주와 이 막막한 인생에서 무(無)를 어떻게 견딜 것인가.,4.5,1030
언더 더 실버 레이크,더욱 격렬하게 아무 것도 안하고 싶은 덕후의 음모론 몽상.,3.0,110
틴 스피릿,엘르 패닝만큼은 빛을 발하지만.,2.0,83
벌새,한 시절이 남긴 상흔을 일일이 가만가만 쓸어내린다.,4.0,900
우리집,슬픈 이야기인데도 결국 근심을 거두고 응원을 보태게 된다.,3.5,395
봉오동 전투,강렬하게만 붓질하느라 정작 인물들 얼굴 그리는 것을  잊었다.,2.0,562
엑시트,감정적 찌꺼기를 남기지 않은 채 할 수 있는 것에 집중한 빅시즌 영화의 힘.,3.0,1202
누구나 아는 비밀,알게 된 것과 그 결과 행하게 된 것의 관계가 바로 그 사람이다.,3.5,176
데드 돈 다이,좀비영화인데도 물에 물 탄 듯.,2.5,152
사자,장르에 대한 판단착오.,2.0,282
지구 최후의 밤,점멸하는 기억과 발광하는 꿈이 함께 서식하는 신비로운 세계.,5.0,397
나랏말싸미,하고자 하는 이야기를 또렷이 한다.,3.0,136
돈 워리,자기연민의 밀실에서 나오는 법.,3.0,152
라이온 킹,원작을 고스란히 재창조한 데서 엿보이는 건 원형적이고 신화적인 이야기에 대한 자신감.,3.0,287
미드소마,미지가 아닌 기지에 대한 공포. 당신은 진짜 두려운 게 뭔지 이미 알고 있다.,4.5,864
스파이더맨: 파 프롬 홈,서로 다른 단계와 설정들 사이를 활공하면서 거미줄처럼 엮는 데에는 스파이더맨이 제격.,3.0,369
갤버스턴,작법의 빈약함은 감정이 진할수록 더 두드러지기 마련.,2.5,96
칠드런 액트,불꽃을 일으켜놓고도 그 빛이 두려워 뒷걸음질친 자의  기울어진 어깨.,3.5,262
13년의 공백,눈물에 웃음을 조화시키기가 이렇게나 어렵습니다.,2.0,85
한낮의 피크닉,"따로 또 같이, 어떻게 살아갈 것인가에 대한 청춘의 생생한 모색.",3.0,85
마담 싸이코,탄성과 소름을 함께 안기는 이자벨 위페르의 그 발놀림.,3.0,273
비스트,시종 힘을 주다가 결국 무너지는 영화를 보았다.,1.5,124
스트롱거,'좌절을 딛고 일어서는 휴먼 드라마'의 낯익은 감동.,2.5,68
토이 스토리 4,4편까지 전부 다 훌륭한 시리즈를 마주하는 놀라움.,4.0,1347
행복한 라짜로,부활로도 구원을 선물할 수 없는 세상의 쓸쓸한 성자 수난극.,3.5,309
해피엔드,'아무르'의 독한 후일담. 뒤에서 볼까 옆에서 볼까.,4.0,140
맨 인 블랙: 인터내셔널,한때 쿨했던 기획이 이젠 어떻게 해도.,2.0,192
체 게바라: 2부 게릴라,허망한 종착점 때문에 더 또렷해지는 체 게바라라는 태도.,3.0,69
체 게바라: 1부 아르헨티나,인상적인 편린들로 모아낸 체 게바라라는 질문.,3.0,62
엑스맨: 다크 피닉스,이쯤 되면 시리즈의 붕괴.,2.0,430
하나레이 베이,끝없이 밀려왔다 물러가는 파도처럼.,3.0,104
기생충,상승과 하강으로 명징하게 직조해낸 신랄하면서 처연한 계급 우화.,4.5,3338
고질라: 킹 오브 몬스터,이 시리즈에선 이제 인간 캐릭터들은 안 나오게 해주세요.,2.0,409
김군,'김군'의 발원지를 찾아 거슬러 올라가다 마주하게 된 '김군들'의 바다.,4.0,259
알라딘,별로 끌리지 않아도 막상 접해보면 또 그럭저럭 괜찮게 느끼도록 만드는 디즈니의 공정관리.,3.0,1559
돈키호테를 죽인 사나이,마침표 찍기를 끝없이 미루는 필생의 프로젝트.,3.0,99
서스페리아,부끄러움 모르는 이전 세대 권력을 학살하다.,3.5,280
논-픽션,"두 방식 사이에서 모순으로 서성이는 책, 사랑, 영화, 세계의 지금이곳.",4.0,148
벤 이즈 백,가족 안에서만 느낄 수 있는 미묘한 공기를 잘 살려냈다.,3.0,116
라플라스의 마녀,설명만 계속 늘어놓다가 후루룩 뚝딱 영화 한 편.,1.5,133
걸캅스,진부한 작법이 흥미로운 설정의 잠재력을 고갈시킨다.,2.0,794
굿바이 마이 러브NK: 붉은 청춘,평생을 결정지은 젊은날의 결기와 서로에게 운명일 수밖에 없었던 깊은 우정.,3.5,88
어벤져스: 엔드게임,팬들과 함께 추억의 앨범을 하나하나 넘긴 끝에 전하는 우정 가득한 송사.,3.5,2508
굿 윌 헌팅,"잠시 떠올리기만 해도 거의 주술적인 위로를 받을 것 같은 로빈 윌리엄스의 뭉클한 그 목소리, ""네 잘못이 아니야.""",3.5,333
러브리스,"모든 게 다시 멈춰선 이제, 어디로 갈 것인가.",4.0,74
스탈린이 죽었다!,공포가 만들어낸 해프닝 코미디의 신랄함. 모두가 모두를 날아오르게 하는 연기 앙상블.,4.0,143
퍼스트 리폼드,통증 없는 중병의 시대에 먼저 앓고 대신 아픈 자가 써내려간 몸의 일기.,4.5,376
미성년,뛰어난 배우의 감독 데뷔작에 기대하는 장점들이 고스란히.,3.5,551
헬보이,'디센트'의 닐 마셜을 기대했지만 괜찮은 것은 크리처 디자인 뿐.,2.0,155
바이스,권력 내부에서 벌어지는 일들에 대한 신랄한 야유와 풍자 끝의 장탄식.,3.5,265
생일,그 생일 모임에 함께 초대받아 말석에서라도 간절히 마음을 나눈 듯 느껴진다.,3.0,294
샤잠!,장르의 틈새시장 노리기가 그렇게 만만한 건 아니에요.,2.5,285
파도치는 땅,들어서지 못하고 머뭇거린다.,2.5,56
예수보다 낯선,가끔 솔깃하고 자주 썰렁한 대화들.,2.5,57
어스,조던 필은 이제 이 장르에서 샤말란 이후 가장 독창적인 세계를 펼쳐내는 감독.,4.0,847
아틱,매즈 미켈슨이라는 붉은 생명력 한 점.,3.0,143
강변호텔,그 쓸쓸함이 문득 두렵다.,3.5,184
더 길티,브레이크 없는 편견으로 질주하다 휩쓸린 탁류 한 가운데서.,4.0,240
콜레트,"그물에 걸리지 않는 바람처럼, 무소의 뿔처럼 혼자서 가다.",3.0,152
우상,입이 아니라 손을 따라가야 비로소 들리는 진실의 서늘한 풍경들.,3.5,250
돈,빠른 진행으로도 유지하지 못하는 동력.,2.5,283
아사코,모든 것은 두 번 반복된다. 그렇다면 두 번째엔 어떤 선택을 할 것인가.,4.5,589
라스트 미션,클린트 이스트우드의 얼굴이 영화다.,3.5,341
에브리타임 룩 앳 유,'비포 선라이즈'의 잔영이 지나치게 짙다.,2.5,79
그때 그들,경계하고 풍자하는 것들에 사실은 매혹되어 있는 기이한 풍경들이 끝도 없이.,2.0,114
나는 다른 언어로 꿈을 꾼다,시적이고 마술적인 터치로 사라져가는 것들에 일렁이는 빛을 살려냈다.,4.0,160
캡틴 마블,허락된 힘이 아니라 자각된 힘. 시각적 개성보다는 안정적 화술로 다음 페이지를 준비한다.,3.0,1129
항거:유관순 이야기,적절한 캐스팅에 제대로 존재감을 드러내는 배우.,3.0,238
국경의 왕,영화만들기에 대한 고민과 재치가 구조 화술 연기법에  신선하게 담겼다.,3.5,116
더 와이프,"세상의 편견 속에서 세 번의 선택 끝에 마침내, 작가의 탄생.",3.5,126
칠곡 가시나들,"흥겨운 얼굴들, 정겨운 마을들, 눈물겨운 글씨들.",3.0,102
콜드 체이싱,재치 하나로 망설임 없이 내닫는다.,3.0,129
사바하,묵직한 질문과 흥미로운 설정이 날개를 펴지 못한다.,2.5,807
살인마 잭의 집,"가학과 자학을 오가며, 끝없이 벌 주는 자 라스 폰 트리에.",3.5,276
더 페이버릿: 여왕의 여자,욕망이라는 이름의 전장.,4.0,543
도쿄의 밤하늘은 항상 가장 짙은 블루,"여전히 서로 다르게 보아도, 나란히 함께 볼 수 있다는 작은 희망.",3.0,166
콜드 워,떨어져 살 수도 없고 함께 할 수도 없는 전쟁 같은 사랑의 비가.,4.5,432
알리타: 배틀 엔젤,호러에서나 다루던 신체절단 모티브를 대작 SF에서 흥미진진하게 활용했다.,3.5,414
뺑반,이 소재로 영화를 만들면서 자동차추격전에서조차 점수를 따지 못한다면.,2.0,476
극한직업,세트플레이에 능한 코미디.,3.5,539
가버나움,영화가 끝나도 사라지지 않는  아이들의 얼굴.,3.5,586
글래스,과소비된 듯한 수퍼히어로 장르에도 여전히 흥미진진한 미답지가 남아 있다.,3.5,557
언더독,한국적 애니메이션이란 어떤 것인지에 대한 또렷한 응답.,3.5,197
쿠르스크,어쩌면 그렇게 장면장면이 한국의 상황으로 바뀌어 다가오며 가슴을 치던지.,3.0,210
그린 북,당길 때와 밀 때를 정확히 아는 각본. 감탄과 공감을 함께 끌어내는 연기.,4.0,1489
말모이,이야기가 달라져도 화술은 달라지지 않는 한국영화 또 하나의 풍경.,2.5,519
리지,소재의 자극성에 함몰되지 않고 명확한 시선으로 재해석한다.,3.5,117
레토,저무는 시대의 표층을 뚫고 울려퍼진 그 여름의 벅찬 서곡.,4.0,272
레인보우: 나의 사랑,스스로에게 물어야 할 질문을 밖에서 구했던 자가 빠지게 된 미로.,3.5,85
PMC: 더 벙커,소재에서 스타일까지 한국영화에서 보기 힘든 신선한 면모.,3.0,293
아쿠아맨,물 속 액션 장면들은  어떻게 달라야 하는지에 대해 흥미롭게 답한다.,3.0,390
부탁 하나만 들어줘,두 배우의 매력이 천방지축 흘러가는 스토리의 산만함을 커버한다.,3.0,412
마약왕,미처 다 쓰지도 못하는 캐릭터들과 설정들.,2.0,377
로마,"특정한 시공간 속의 개인적 추억에 감동 넘치는 보편성의 날개를 달아준 기술, 예술, 마술.",5.0,834
안개 속 소녀,종종 미디어와 여론이 원하는 것은 그저 삼키기 좋은 떡밥.,3.0,75
저니스 엔드,전쟁의 부조리와 전투의 혼란에만 집중한 반전영화의 묵직한 호소력.,3.5,121
국가부도의 날,소재를 장악하지 못한 채 손쉽게 감정에만 불을 지른다.,1.5,701
에스코바르,요란한 이야기를 그저 요란하게만.,2.5,84
영주,사건의 부피를 키우는 대신 인물의 감정에 절절하게 집중한다.,3.0,212
새벽의 약속,어머니의 기대와 세상의 냉소 사이 괴리를 동력으로 삼아낸 작가의 흥미로운 사모곡.,3.0,72
신비한 동물들과 그린델왈드의 범죄,줄줄 늘어놓거나 질질 끌거나.,2.0,350
인 디 아일,그 깊은 고독까지 끝내 적셔주는 시적 파동.,5.0,319
군산: 거위를 노래하다,"시작과 끝, 안과 밖이 신비롭고 유려하게 맞닿아 있다.",4.0,208
완벽한 타인,인물들의 속내를 날렵하게 넘나드는 세태풍자극의 묘미.,3.0,538
친애하는 우리 아이,저마다의 사정으로 각자 달라도 여전히 함께 가족일 수 있다.,2.5,61
보헤미안 랩소디,흔들리고 비틀려도 끝내 사그라지지 않았던 무대 위의 그 카리스마.,3.0,647
창궐,해당 장르의 동력 자체를 몰각한 맥빠진 사극.,2.0,206
프리다의 그해 여름,어린 날의 아린 감각을 예민하게 되살려냈다.,3.5,162
풀잎들,필멸의 조짐 앞에서도 어이없이/어김없이 함께 돋아나는 풀잎들.,4.0,239
퍼스트맨,떠들썩한 거대 이벤트로부터 눈 돌려 한 인간의 고독한 내면을 골똘히 들여다본다.,3.5,776
양의 나무,'키리시마...'와 '종이달' 같은 수작들에 이어서 '아름다운 별'과 '양의 나무'라니.,2.5,107
스타 이즈 본,묵은 이야기를 일신하는 스타들의 광휘.,3.5,432
리즈와 파랑새,부서질 듯 여린 감정이 다감한 선율에 서렸다.,3.0,117
암수살인,상반된 방향으로 견인하는 두 배우 매력과 함께 뚜벅뚜벅 간다.,3.0,320
너는 여기에 없었다,잔상과 이명 속에서 간신히 존재하는 자의 핏빛 행로.,4.0,334
베놈,캐릭터 영화가 캐릭터 조형에서 실패한다면.,2.0,383
체실 비치에서,정신과 육체의 시차가 낳은 지독한 멀미.,3.0,159
죄 많은 소녀,타협 없는 응시. 비범한 화술. 일일이 다 일으켜 세운 캐릭터들.,4.0,429
물괴,'괴물'이 나온 지 벌써 12년이 지났는데.,2.0,297
어둔 밤,그 넘치는 패기로 곧 답을 찾으실 수 있기를.,3.0,109
서치,스스로 부여한 형식의 장벽을 창의성의 발판으로.,3.5,961
살아남은 아이,사건을 괄호친 후 사건의 여파를 깊게 살핀다.,3.5,153
상류사회,양두구육.,1.5,193
휘트니,이렇게 아프게 다가온 음악 다큐멘터리가 있었던가.,3.5,185
델마,'마녀'로 몰려 희생된 여성들의 역사를 뒤집어보는 야심찬 서사. 주제를 선명하게 축약하는 이미지.,4.0,296
공작,뻔한 액션을 배제한 채 말의 전쟁을 생생히 살려낸 한국 첩보영화의 뚜렷한 성취(와 근래 보기 드문 호연지기).,3.5,945
더 스퀘어,"지식인의 위선에 대한 통렬한 풍자 끝에 매달린 자기 반성, 그리고 영화라는 또 하나의 사각형에 대하여.",3.5,214
주피터스 문,한두 개의 부유하는 이미지를 남기고 흩어지다.,2.5,77
신과함께-인과 연,전편보다 낫다는 이야기를 듣고 보았다. 그렇긴 했다.,2.5,1230
한나,죽음보다 깊은 고독이 내려앉은 샬럿 램플링의 얼굴.,3.0,124
어느 가족,고레에다 히로카즈 가족영화의 집대성. 그 따스한 빛과 스산한 그림자가 선명하게 함께 담겼다.,4.5,1163
인랑,호랑이를 그릴 것처럼 시작해서 고양이를 그리며 끝난다.,2.5,671
미션 임파서블: 폴아웃,탐 크루즈는 할리우드 블럭버스터의 가장 성실한 얼굴.,4.0,1216
서버비콘,코언형제 범죄극과 클루니 사회극의 흥미로운 접점.,3.0,164
스카이스크래퍼,배우의 한계라기보다는 배우 활용법의 문제.,2.0,227
앤트맨과 와스프,앤트맨 시리즈는 마블이 사용하는 쉼표.,3.0,527
킬링 디어,인간의 굴레에 대한 요르고스 란티모스의 경이롭고도 몸서리쳐지는 신화.,5.0,929
변산,퇴행적 희화화로 극의 과제들을 매듭지을 수 있을까.,2.5,254
잉글랜드 이즈 마인,"생의 우울에 깊이 들어앉은 나,에 대한 도취.",2.5,161
시카리오: 데이 오브 솔다도,"외부에서 내부로 초점이 바뀐 테러리즘 전환기에, 미래 세대에게 간곡히 전하는 마음.",3.5,378
너와 극장에서,영화 속에 나오는 극장들에서 관람하면 특별한 체험이 될 듯.,2.5,92
나와 봄날의 약속,상상력 이전에 구성력과 설득력을.,1.5,92
개들의 섬,"우화를 구현하는 눈부신 스타일, 타문화를 대하는 눈먼 시선.",3.0,501
아직 끝나지 않았다,가정폭력의 작동방식을 소름 끼치는 실감으로 담아낸다.,4.0,419
유전,"'악마의 씨' 50주년, 오컬트 무비 대표작 목록에 또 한 편이 추가됐다.",4.5,1025
디트로이트,영원히 끝날 것 같지 않은 50년 전 그때의 다음날은 바로 오늘.,3.5,297
라이크 크레이지,당신이 있든지 없든지 나는 살아갈 수 없어요. (U2의 'With or without you'),3.0,360
독전,허탈함을 남기고 흩어진 스타일의 원심력.,2.5,418
트립 투 스페인,그 신기한 성대모사조차도 세 번이나 흡사하게 반복하면.,2.5,95
버닝,"다시금 새로운 영역으로 성큼 나아간 이창동. 지금이곳 청춘들의 고투와 분노를 다룬다는 점에서 한국적이고, 예술과 인식의 토대를 되묻는다는 점에서 근원적이다.",5.0,1945
레슬러,두 편의 뻔한 영화를 한 편으로 대충 엮었다.,1.5,224
보리 vs 매켄로,"우승하고 싶다는 외적 목표와 인간답고 싶다는 내적 지향 사이의 충돌. 
한 사람은 기계적 삶을 버리고 인간다움을 되찾고 싶어하고, 또 한 사람은 세상으로부터 사랑을 받기 위한 인정투쟁을 벌이고 있는데, 이같은 내적 목표들은 최고가 되고 싶다는 또다른 욕망과 상충된다. 결국 내적 목표를 위해선 두 사람 모두 이전의 방식을 버리고 결승전에서 져야 한다는 역설이 성립된다. 이 영화는 바로 그 지점에서 깊고 흥미로운 스포츠 드라마가 된다.",4.0,388
씨 오브 트리스,작품마다 연출력 편차가 극심한 구스 반 산트 필모그래피의 미스터리.,2.0,102
챔피언,안일하고 안이하다.,2.0,205
원더스트럭,영화의 역사에 바치는 토드 헤인즈의 연서. 우리는 별의 잔해이고 영화의 조각들.,3.5,268
클레어의 카메라,천천히 다시 들여다본 후 홍상수의 카메라는 어떤 변화를 맞이할까.,3.0,193
어벤져스: 인피니티 워,여전히 보여줄 게 남아있음을 과시한 마블. 엄청나게 시끄럽고 믿을 수 없게 가까운.,4.0,1414
몬태나,비장미로 치장된 감상주의.,2.5,124
당신의 부탁,당신의 부탁. 그이의 사과. 우리의 시작.,3.0,154
판타스틱 우먼,끝내 스스로를 지켜낸 자의 의지와 위엄이 주는 감동.,3.5,189
레이디 버드,숲에서 나오니 숲이 보이네. 내 어린 날의 숲. ('숲' 시인과 촌장),4.0,2307
레디 플레이어 원,덕후의 추억은 힘이 세다.,4.0,1539
곤지암,공간에 대한 리액션만으로도 장편영화 한 편을 너끈히 만들어내는 감각과 뚝심.,3.0,463
7년의 밤,제각각 자기연민에 빠져 내내 허우적대는 사람들.,2.0,302
콜 미 바이 유어 네임,가득한 햇살로 그 여린 날들을 축복하다.,4.0,1748
퍼시픽 림: 업라이징,묵직한 양감과 기분좋은 긴장감이 사라져버렸다.,2.5,251
120BPM,"살아 있다는 것, 맞서 싸운다는 것, 사랑한다는 것, 치열하게.",4.0,354
쓰리 빌보드,"""결정한 후에 가자""가 아니라 ""가면서 결정하자""는 행동주의자들의 정의.",4.0,1324
사라진 밤,몰입을 방해하는 캐릭터 톤과 해석.,2.5,286
플로리다 프로젝트,좋은 영화는 세상을 구하는 법을 제시하지 않는다.,4.0,3566
팬텀 스레드,천의무봉. 보이지 않는 실의 역학.,5.0,871
리틀 포레스트,눈 앞에서 계절이 느릿느릿 평화롭게 흘러간다.,3.0,1015
나미야 잡화점의 기적,그 노래가 아니에요. 그 춤이 아니죠.,2.5,372
더 포스트,시종 뉴욕타임즈가 아니라 워싱턴포스트가 주무대인 이유. 결국 남성편집국장이 아니라 여성발행인이 주인공인 이유.,4.5,863
셰이프 오브 워터: 사랑의 모양,물의 로맨스와 물의 에로스. 어떤 형태도 될 수 있는 물처럼 신비롭고 아름다운.,4.5,1714
골든슬럼버,그들만의 눈물.,2.0,500
블랙 팬서,요즘의 마블은 빌런이 더 매력적.,3.0,1628
올 더 머니,돈의 숙주에 대한 지독한 블랙코미디.,3.0,298
누에치던 방,해결하거나 복원할 수 없다해도 과거를 직면하려는 사람들의 풍파와 안식.,3.5,147
염력,장르에 안착하지 못한 주제의식.,2.5,346
다키스트 아워,게리 올드먼의 경이로운 테크닉과 '덩케르크'의 뒤엉킨 막후를 들여다보는 재미.,3.0,347
아름다운 별,너무 멀리 가셨습니다.,2.5,143
코코,꿈이라는 아름다운 목표 뒤로도 끝내 감출 수 없는 질문들. 그 꿈의 수단은 무엇인가. 내 꿈이 남의 꿈을 해치진 않는가. 꿈과 맞바꾼 것은 무엇인가.,4.0,2795
다운사이징,"인류 전체를 보존하려는 미래의 거대 비전 대신에, 지금 내 눈 앞 이웃의 구체적 고통을 바라보기.",3.5,531
"쏘아올린 불꽃, 밑에서 볼까? 옆에서 볼까?",한숨만 나오는 타임 루프.,1.5,179
쥬만지: 새로운 세계,캐릭터 코미디로서만 부분적으로 성공했다.,2.5,358
패터슨,시간 속을 유영할 수 있는 유일한 방법은 시적인 리듬.,4.5,1011
1987,희망은 작은 고리들의 연쇄에 있다.,3.5,2157
신과함께-죄와 벌,모성의 목소리조차 박탈한 뒤 그 크신 사랑만을 돌림노래로 부르는 공업적 최루법.,2.0,2283
강철비,소재에 대한 두려움 없이 정면에서 힘있고 진진하게 다뤄낸다.,3.5,1200
세 번째 살인,생각하는 카메라의 힘.,4.0,647
"안녕, 나의 소울메이트",탄력 넘치는 캐릭터들에 생기 가득한 배우들.,3.5,394
초행,"자욱한 안개 속 더듬어가며 나아가는, 이만큼 왔는데도 여전히 처음인 그 길.",3.5,269
우리는 같은 꿈을 꾼다,피투성이 세상 속에서 함께 고요히 사슴을 앓다.,4.0,322
미스테리어스 스킨,참혹하게 공명하는 상처의 안과 밖.,3.5,262
빌리 진 킹: 세기의 대결,자신이 어떤 영화를 만드는지 정확히 아는 사람들의 위트와 하모니.,3.5,427
저스티스 리그,팀을 만들었으면 팀플레이를 해야 할 텐데.,2.5,865
러빙 빈센트,물감 냄새와 땀 냄새가 물씬 풍기는 듯한 노작.,3.5,930
미옥,잡아도 잡아도 잡히지 않는 영화의 폼.,1.5,199
채비,"어머니,라고 말하면 눈물부터 나는 사람들이 많겠지만.",2.5,141
침묵,끄덕여지는 귀착과 갸웃거려지는 행로.,3.0,284
폭력의 씨앗,그 형식은 적절한 선택이었을까.,2.5,116
꿈의 제인,제인은 2017년 한국영화 올해의 캐릭터.,3.5,702
토르: 라그나로크,일정 수준 이상 품질관리가 되는 프랜차이즈 식당의 음식처럼.,3.0,1524
너의 췌장을 먹고 싶어,제목이라도 튀게 붙였어야 했을 관성적인 작법.,2.0,546
유리정원,"""배우는 눈을 파는 직업""(마이클 케인)이라는 말의 적절한 사례.",3.0,202
당신과 함께한 순간들,오직 기억만이 남아 영원히 메아리칠 때의 서늘한 슬픔.,4.5,623
아이 앰 히스 레저,스스로를 찍었던 영상 속 그의 모습이 진하다.,3.0,379
스코어: 영화음악의 모든 것,93분 짧은 러닝타임에도 '영화음악의 모든 것'이란 부제를 붙일 자격이 있다.,3.5,417
마더!,만물을 순환시키는 동력과 장(場) 자체에 대한 경배. 거대한 이야기를 한 손에 비틀어 쥔 채 강렬하게 폭주한다.,4.0,546
블레이드 러너 2049,하나의 세계를 온전히 시각화한 드니 빌뇌브와 로저 디킨스의 협업.,4.0,926
주키퍼스 와이프,솔깃한 소재에 밍밍한 연출.,2.5,146
남한산성,태산 같은 말의 무게를 묵묵히 지고 간다.,4.0,972
킹스맨: 골든 서클,매튜 본의 장점은 대폭 줄어들고 단점은 여전한 속편.,2.5,787
우리의 20세기,관계 속에서 성장은 언제나 쌍방향이다.,3.5,613
해피 버스데이,아무런 탄력 없이 그저 착하다.,2.0,88
어 퍼펙트 데이,비극적 세상 속 행동주의자들의 낭만주의가 전하는 미소.,4.0,593
잃어버린 도시 Z,사로잡힌 자의 집념과 신비.,3.5,223
아이 캔 스피크,다 보고나면 제목이 전혀 다른 느낌으로 묵직하고 뭉클하게 다가온다.,3.0,1535
여배우는 오늘도,적절한 유머감각과 정확한 화술을 갖춘 이 신인감독의 두번째 영화를 기다린다.,3.5,715
베이비 드라이버,어쩌면 이렇게 짝짝 달라붙을까.,4.0,1846
윈드 리버,정의가 배제된 세상의 카타르시스를 제거한 복수극.,3.5,436
몬스터 콜,가려진 환부를 찾아내 정확히 위무하는 힐링 시네마. 이야기는 이야기되어야 한다.,4.0,763
그것,성장영화로는 만족스럽다.,3.0,645
매혹당한 사람들,공동체를 유기체처럼 다뤄낸다. 그 유기체가 외부로부터의 이물질에 어떻게 반응하는지 그려낸다.,3.5,427
살인자의 기억법,원작의 매력을 발라낸 각색. 배우들의 연기만 남는다.,2.5,543
밤섬해적단 서울불바다,미학적으로나 한국사회를 바라보는 시각 모두에서 대담하고 비범하다.,4.0,285
초속 5센티미터,1부는 신카이 마코토 작품세계의 절정.,3.5,379
킥 애스: 영웅의 탄생,수퍼히어로 장르의 관습들을 신나게 갖고 논다,3.5,266
바람난 가족,속화된 현대인에게 마지막으로 남은 가족이란 성지에 흙발을 들이밀고 냉정하게 질문한다,4.0,194
브이아이피,캐릭터의 악마성을 표현하는 방식이 참혹하고 직접적인 범행장면의 현시 자체라면 그건 실패한 연출.,2.0,1105
혹성탈출: 종의 전쟁,팽팽한 영화적 장력과 유려한 시각적 스토리텔링으로 시리즈에 기품 가득한 마침표를 찍다.,4.0,678
예감은 틀리지 않는다,"뒤늦은 회한의 끝에서 인간은 고쳐 살 수 있을까. 원작은 아니라고 하고, 영화는 그렇다고 한다.",3.0,454
투 러버스,병적이고 맹목적인데도 번번이 끌려가 거듭 좌초되는 사랑의 어떤 마력에 대하여.,4.5,493
새벽의 황당한 저주,음악과 유머가 장르의 놀이터에서 얼마나 흥미롭게 결합될 수 있는지를 증명한다.,4.0,408
노후 대책 없다,"펑크라는 놀이, 펑크라는 감정, 펑크라는 운동.",2.5,89
레이디 맥베스,"선명한 주제의식과 엄격한 형식미, 그리고 그 모두를 체화한 배우.",4.0,611
택시운전사,떠올릴 수밖에 없는 순간들. 되돌아갈 수밖에 없는 사람들.,3.0,1212
군함도,"규모와 주제를 얻고, 생기와 개성을 잃다.",2.5,1145
플립,사랑영화와 성장영화가 만나는 지점에 뿌리내린 예쁜 나무 한 그루.,3.5,1677
덩케르크,"플롯의 마술사, 야심찬 뺄셈으로 특별한 전쟁영화를 조각하다.",5.0,2977
스파이더맨: 홈커밍,점점 많은 추를 매달아가면서 무거워지던 마블의 몸에 덧붙인 작고 가벼운 날개 하나.,3.5,1520
그 후,"마치 '북촌방향'의 대안 버전, 또는 '지금은맞고그때는틀리다'의 프리퀄처럼 다가온다.",3.5,240
박열,뜨거운 사람들이 만든 뜨거운 인물들에 대한 뜨거운 영화.,3.5,725
리얼,"대체 어떻길래,라는 심정으로 보았다가...레알.",1.0,1805
옥자,봉준호의 세계에서 희망은 횃불이 아니라 불씨다.,4.0,2031
트랜스포머: 최후의 기사,그 와중에 이 시리즈 완성도는 최근으로 올수록 심지어 데크레센도.,1.0,481
나의 붉은 고래,창작이란 결국 하나의 세계를 만드는 것인데.,2.0,137
악녀,감독이 꼭 각본까지 써야 하는가의 문제.,2.5,552
엘르,"평범한 구석이라곤 눈 씻고 봐도 없다. 예술은 ""우리 안의 얼어붙은 바다를 내려치는 도끼(카프카)""같은 것.",4.5,791
미이라,미래의 시리즈를 곁눈질하다가 눈앞의 진창에 빠지다.,2.0,479
원더 우먼,캐릭터의 매력이 잘 살아 있다. DC의 '퍼스트 어벤저'.,3.5,996
고려 아리랑: 천산의 디바,부초처럼 떠도는 삶 속에서도 강인했던 여성 예술가들이 주는 감동.,3.0,74
노무현입니다,"그 에너지, 그 분노, 그 슬픔.",3.0,567
이터너티,"뜬구름 위의 트란 안 훙, 여기까지 내려앉았다.",1.5,58
네루다,그 자신 시가 된 남자. 그 자체로 시를 꿈꾸는 영화.,4.0,265
캐리비안의 해적: 죽은 자는 말이 없다,이미 수명이 다한 시리즈를 살려내려는 안간힘.,2.0,477
불한당: 나쁜 놈들의 세상,클리셰의 뻘밭에서도 맥동하는 감정.,3.0,845
"컴, 투게더","절실한 문제의식, 투박한 표현방식.",2.5,59
에이리언: 커버넌트,역시 이 SF 시리즈에 가장 잘 어울리는 인접 장르는 호러.,3.5,574
목소리의 형태,"그 모든 후회에도 불구하고, 끝내 살아라, 고쳐 살아야 한다.",3.5,1258
세일즈맨,"저 깊은 침묵 속에서, 이제 어쩔 것인가.",3.5,192
언노운 걸,묵직하게 시작하지만 미스터리 형식 끝에 인물들 사연이 펼쳐지는 후반이 되면 진부해진다.,3.0,201
보안관,배우들의 힘 덕분에 영화의 동력이 간신히 유지된다.,2.5,340
가디언즈 오브 갤럭시 VOL. 2,새롭게 도전하기보다는 잘 하는 것을 집중적으로 화려하게 반복하기.,3.5,1019
특별시민,흔쾌히 박수칠 수 있는 한국 정치영화를 애타게 기다리며.,2.5,307
파운더,한 시대의 욕망을 전력으로 체현한 자가 거둔 무자비한 승리.,4.0,847
클로저,빗나간 집착과 뒤틀린 욕망이 초래한 관계의 종말을 재난영화처럼 그려내는 파국의 서커스.,3.5,585
어느날,감정에만 도취되어 흘러가느라 간과해버린 쟁점들.,2.5,219
랜드 오브 마인,"전쟁을 선포하는 것은 늙은이들이지만, 싸우고 죽는 것은 젊은이들이다. (허버트 후버)",3.5,654
분노,견인하는 것은 강력한 미스터리지만 결국 남는 건 진한 정서적 여운.,3.5,524
공각기동대 : 고스트 인 더 쉘,신비하고 깊은 원재료를 가져다가 겉만 번쩍이는 뻔한 SF로.,2.0,278
히든 피겨스,이 시대가 요구하는 영웅서사.,3.5,839
밤의 해변에서 혼자,여진을 통째로 앓는 인물. 카페 앞 홀로 노래하는 장면은 홍상수 필모그래피에서 가장 쓸쓸한 순간.,4.5,609
행복 목욕탕,예쁘장한 슬픔.,2.5,205
토니 에드만,세상에서 가장 고통받는 동물이 웃음을 발명했다. (니체),4.5,787
미녀와 야수,우아하고 유려하며 맥빠진다.,2.5,752
러빙,무엇보다 조엘 에저튼의 영화.,3.5,220
사일런스,침묵이 부재는 아니다. 그리고 흔들리는 불빛 역시 어둠을 밝힌다.,3.5,602
로건,"'울버린' 시리즈 전체에 대한 느낌까지 완전히 바꿔버린 장중하고 멋진 마무리. (진작에, 쫌!)",4.0,1985
싱글라이더,좋은 시선과 좋지 않은 구조.,2.5,323
문라이트,잔물결 소리에 귀기울이는 사람은 무슨 일이 있어도 절망하지 않으리. (헨리 데이빗 소로),4.5,1823
23 아이덴티티,샤말란 영화의 힘은 언제나 (반전이나 효과가 아니라) 정서.,3.0,694
핵소 고지,양두구육. 내세우는 주제와 달리 하드고어적 표현에 도취되어 있다.,2.5,412
맨체스터 바이 더 씨,심리적 진실의 흐름을 섬세하게 짚어가는 플롯과 연기.,4.0,611
조작된 도시,폭주의 동력을 위해서라면 스토리 쯤이야.,2.5,250
50가지 그림자: 심연,결국 속편까지 챙겨본 내 인내심에 한탄하며.,1.0,710
퍼스널 쇼퍼,보이지 않는 것을 기어이 보아내려는 인간의 폐허. 보일 수 없는 것을 기필코 보여주려는 영화의 성취.,5.0,821
사랑의 시대,사랑의 시대라는 위선. 이상적 공동체라는 억압.,3.0,144
라이언,구글은 사랑을 싣고.,3.0,323
컨택트,한번도 들어본 적 없는 이야기. 지적인 긴장감으로 내내 팽팽하다.,5.0,3083
재키,기억은 의지의 산물. 무엇을 어떻게 기억할 것인가.,3.5,325
더 킹,블랙코미디의 경공술로 한국현대정치사를 타고 술술 흐른다.,3.0,970
공조,두 인물간 소통과 상황에 내내 몰입이 안 되는데 막판 액션이 다 무슨 소용.,2.0,796
얼라이드,"매끈한 만듦새에도 불구하고, 미스터리를 막판까지 유지하려다보니 힘이 빠져버린 멜로 감성.",3.0,369
어쌔신 크리드,과거 장면들과 현재 장면들의 배분에서부터 실패.,2.0,194
녹터널 애니멀스,강렬한 이미지와 조마조마한 스릴 끝에 매달려 있는 기이한 정적.,3.5,537
여교사,인상적인 설정과 생생한 전개를 빈약한 치정극으로 끝맺는다.,3.0,291
너의 이름은.,갈라지는 것들의 파괴력과 이어지는 것들의 치유력. 이 영화가 주는 감동의 태반은 끝내 연결하려는 안간힘에서 온다.,3.5,2174
로그 원: 스타워즈 스토리,신화가 된 시리즈를 일신하려는 신선한 접근.,3.0,256
해리가 샐리를 만났을 때,여전히 로맨틱 코미디 장르를 대표하는 사랑스런 이름들.,4.0,750
블루 벨벳,시각의 불신과 청각의 맹신. 데이빗 린치가 들려주는 극악무도하면서도 순진무구한 성장영화.,4.0,255
마스터,대사와 캐릭터 마사지에 몰두하느라 놓쳐버린 극의 리듬과 긴장감.,2.5,512
위켄즈,"벽을 넘어서, 유쾌하고도 강인하게.",3.0,91
내 심장이 건너뛴 박동,"폭력의 세계와 예술의 세계, 아버지의 세계와 어머니의 세계, 담배의 세계와 차의 세계, 떠나야 할 세계와 떠나온 세계, 살고 있는 세계와 살고 싶은 세계, 설명해야 하는 세계와 설명이 필요 없는 세계, 임기응변의 세계와 학습의 세계. 
한 세계의 문을 닫고 다른 세계의 문을 열기 위해서 치러내야 하는 것들.",4.0,347
"당신, 거기 있어줄래요",개성과 매력을 발견하기 어려울 정도로 그저 흘러간다.,2.0,312
시카고,세상 모든 게 그저 쇼일 뿐이라고 말하는 얼음장 같은 복화술.,4.5,1077
판도라,이 뻔한 재난영화에 소름끼치는 현실감을 불어넣는 한국사회.,2.0,744
비치온더비치,시종 경쾌하게 톡톡 튀는 캐릭터는 인상적.,2.5,87
라라랜드,달콤쌉싸름한 그 모든 감정에 화룡점정하는 마법 같은 순간.,5.0,5406
"나, 다니엘 블레이크",간명하고도 강력한 켄 로치의 목소리가 주는 감동. 복지는 시혜가 아니라 권리.,3.5,1259
잉글리쉬 페이션트,"이집트에서 독일인으로 오인된 헝가리인이 이탈리아에서 캐나다인에게 치료받으며 영국인 환자가 된 아이러니에 담긴, 전쟁 같은 사랑.",4.0,220
미씽: 사라진 여자,여성에 대한 억압과 편견을 정면 응시한다.,3.0,934
형,배우들만 허리가 휘는 이런 공식.,2.0,342
테일 오브 테일즈,동화에서 당의를 벗겨내면 기괴하게 드러나는 욕망.,2.5,118
줄리에타,"그때는 몰랐다고, 이제는 잊었다고, 외면할 수 없는 것들에 대하여.",4.0,314
연애담,사랑을 고스란히 앓는 이상희의 깊은 표정들.,3.0,334
신비한 동물사전,선하고 온화하며 안정적인 초석을 새 시리즈에 놓았다.,3.5,1014
가려진 시간,"내가 나라는 것을 믿어주는 단 한 사람,이라는 판타지.",3.0,675
당신자신과 당신의 것,앎이 사랑의 전제가 아니라는 것. 둘러싸고 있는 것들로 말할 순 없다는 것.,3.5,367
로스트 인 더스트,자본의 탐욕에 떠밀려 사라져가는 세계에 대한 쓸쓸한 만가.,4.5,683
본 아이덴티티,기진맥진해진 스파이 액션 장르에 신선한 피를 수혈하다.,3.5,321
플란다스의 개,봉준호는 시작부터 빛났다.,4.0,468
엑스맨: 최후의 전쟁,무능을 감추기 위한 물량공세.,2.5,194
엑스맨 2,엑스맨 시리즈의 이상.,4.5,253
엑스맨,수퍼히어로 장르가 깊이를 갖추게 된 계기.,4.0,327
공동경비구역 JSA,한국영화계에 이른바 '웰메이드 무비'의 기준을 제시하다.,4.0,681
복수는 나의 것,탁월한 예술가가 아이러니를 다루는 방법.,5.0,1120
스네이크 아이즈,신기에 가까운 오프닝 롱테이크.,3.0,81
모베터 블루스,일단 떠올리기만 하면 입과 뇌에서 끝도 없이 리플레이되는 그 선율.,3.0,52
사랑의 행로,미셸 파이퍼와 제프 브리지스의 화양연화.,4.0,99
길버트 그레이프,떠나기 전에 해결해야 할 것들.,4.0,316
괴물,바로 이런 게 벗어날 수 없는 지옥의 풍경.,5.0,337
화성 침공,'인디펜던스 데이'의 반대말.,4.0,173
라이언 일병 구하기,그 후에 나온 수많은 전쟁영화들의 컴플렉스.,4.5,668
우주전쟁,전율을 불러 일으키는 스필버그의 염세적 비전.,4.5,343
컬러 퍼플,한 세계에서 모든 것을 성취한 자가 또다른 세계를 바라볼 때의 동경과 조바심.,3.5,92
레이더스,흡사 시간을 훔쳐가는 마술사처럼.,4.5,190
캐치 미 이프 유 캔,잡을 수 없을 정도로 경쾌하게 달아나는 스필버그의 경공술.,3.5,312
쥬라기 공원,특수효과의 역사에 또렷이 남은 거대한 족적.,4.0,292
인디아나 존스: 마궁의 사원,"세상에 이렇게 재미있는 영화가 있나, 싶었다.",4.5,278
디스턴스,묻고 또 물었던 고레에다 히로카즈.,3.5,72
원더풀 라이프,운명처럼 다가오는 영화가 있다.,5.0,960
아무도 모른다,야기라 유야의 칸영화제 남우주연상 수상조차 감독의 공.,4.5,493
니모를 찾아서,애니메이션에서 캐릭터를 어떻게 만들 것인가에 대한 픽사의 자신만만한 대답.,4.5,343
인어공주,음악과 뮤지컬 장면에 관한 한 역대 디즈니 애니메이션 중 최고.,4.5,390
그랑블루 리마스터링 감독판,바다라는 낭만과 바다라는 공포.,3.5,177
반칙왕,김지운과 송강호가 함께 빚어낸 잊지 못할 유머와 페이소스.,4.0,149
"장화, 홍련",이미지와 이야기에 선명하게 투영된 꽃이라는 모티브.,3.5,230
매트릭스 2 - 리로디드,전편의 거대한 성공이 독이 된 경우.,2.5,145
매트릭스,"현대의 창의성은 무에서 유를 창조하는 것이 아니라, 비범하게 선택해서 독창적으로 배열하는 능력.",5.0,1361
4월 이야기,시작하는 순간들의 설렘으로 온통 반짝이는.,3.5,340
릴리 슈슈의 모든 것,이와이 슌지의 작품들 중 단 한 편만 고르라면.,5.0,601
밀리언 달러 베이비,흥미만점의 스포츠영화. 탁월한 휴먼드라마.  강력한 사회드라마.,5.0,560
에드 우드,"천재 감독 오슨 웰즈든 최악의 감독 에드 우드든, 누구나 제몫의 전투를 힘겹게 치르고 있다는 것.",4.0,184
여고괴담 두번째 이야기,살육으로 붉지 않고 슬픔으로 하얀 공포영화. 기이하도록 아름답다.,4.0,242
패닉 룸,한정된 공간의 알뜰한 활용.,3.5,243
더 게임,데이빗 핀처가 관객과의 게임을 얼마나 즐기는지 보여주는 증거.,3.0,116
세븐,아이들을 낳아 키울 수 있을 만한 세상인가. 아니오. 아니오. 아니오. 아니오. 아니오. 아니오. 아니오.,4.0,834
에이리언 3,데이빗 핀처는 처음부터 고분고분하지 않았다.,3.0,151
라우더 댄 밤즈,한없이 낮은 숨결로 상실을 앓다.,3.0,189
닥터 스트레인지,역동적이고 창의적인 시각 디자인.,4.0,1148
벨빌의 세 쌍둥이,애니메이션에서 움직임이 의미하는 것.,4.0,148
마터스,그냥 불쾌하기만 할 뿐.,1.0,82
비틀스: 에잇 데이즈 어 위크 - 투어링 이어즈,"그때 그 시절의 비틀스, 그때 그들 각자의 비틀스, 지금 나만의 비틀스.",3.0,186
비바,낮고 익숙한 고개들을 넘어가며 부르는 인생찬가.,2.5,54
미스 페레그린과 이상한 아이들의 집,"안온한 유년의 낙원을 허물고, 팀 버튼, 바깥 세상으로.",3.5,300
자백,"그러니까 지난 40년간 달라진 게 없다는 것.   ""한국은 나쁜 나라""라는 김승효씨의 한서린 일갈에 변명하거나 위로할 말을 떠올릴 수 없어 더욱 참담해진다.",3.5,568
죽여주는 여자,"삶의 방식이나 선택에 대한 문제가 아니라, 삶의 전제나 권리에 대한 문제.",3.5,558
디시에르토,장편영화로 완성할 아이디어와 에너지가 부족하다.,2.5,68
맨 인 더 다크,캐릭터와 공간의 한정된 설정을 깨알 같이 활용한다.,3.5,492
설리: 허드슨강의 기적,살만한 사회를 만드는 것은 결국 저마다의 직업윤리.,4.0,1465
다가오는 것들,달콤하고 쉬운 해결책에 눈길조차 주지 않는 영화가 주는 신뢰.  무소의 뿔처럼 혼자서 가는 자의 위엄이 주는 감동.,4.5,725
아수라,독기와 깡으로 으르렁대는 수컷들의 힘자랑을 그려내는 진하고도 낡은 정서.,2.5,566
카페 소사이어티,그 어떤 뒤틀린 궤적도 세월이 흘러 뒤돌아보면 자신에겐 언제나 동화.,3.0,1173
벤허,영혼도 없고 아이디어도 없는 리메이크.,2.0,214
밀정,뜨거워지는 것을 본능적으로 경계하는 김지운의 성향과 뜨거워질 수밖에 없는 소재의 특성 사이에서 벌어지는 흥미진진한 줄다리기.,3.5,1146
거울나라의 앨리스,요란한 시각효과로도 끝내 도달하지 못한 그 세계.,2.0,206
"고산자, 대동여지도",부분적으로 아름답고 전체적으로 밋밋하다.,2.5,269
사랑과 어둠의 이야기,오로지 감정으로만 환원되어버린 이야기.,2.0,73
이레셔널 맨,용두사미의 화술.,2.5,102
칠드런 오브 맨,탁월한 양식에 선명하게 깃든 신성.,4.5,836
달콤한 인생,운명 속으로 또각또각 걸어들어가는 자의 고독과 결기를 고스란히 살려낸 김지운의 명품.,4.5,668
히치콕 트뤼포,히치콕이라는 거대한 수수께끼. 그 수수께끼를 숙고하며 영화의 본성을 응시하려는 감독들.,3.5,266
최악의 하루,그 하루의 끝에서 주문(呪文)처럼 불러들인 해피엔드의 마법.,4.0,867
서울역,"지하도와 여관에서 모델하우스까지, '집' 없는 도시의 서늘한 호러.",3.0,474
마일스,혼돈을 에너지로 끌어들이려다 영화 자체가 흔들린 경우.,2.5,104
국가대표2,후반 경기장면의 생생한 촬영과 자매의 눈물나는 이야기가 다 쓰러져가는 영화를 간신히 지탱한다.,2.0,207
터널,담백하고 탄력있는 연출. 설정마다 능수능란한 하정우. 그리고 부도덕하고 부실한 시스템이라는 악마에 대하여.,3.5,1281
비거 스플래쉬,보고나니 TLC의 앨범 제목 'CrazySexyCool'이 떠오른다.,3.5,209
덕혜옹주,기품있는 드라마. 손예진의 경력 최고 연기.,3.0,702
수어사이드 스쿼드,손안에 쥔 것의 진짜 매력을 모르는 듯한 제작진.  쿨하고 도발적이어야 할 영화를 칙칙하고 엉뚱하게 끌고 간다.,1.5,1564
태풍이 지나가고,꿈이 이뤄지지 않았다고 삶이 실패한 건 아니에요.,3.5,914
인천상륙작전,"지리멸렬 첩보영화, 주마간산 전쟁영화.",1.0,773
제이슨 본,시리즈의 핵심을 흥미롭게 변주하는 화려한 팬 서비스.,3.5,700
부산행,'열어주지 않는 문'의 공포. 넘치는 에너지와 호쾌한 스피드를 만끽하고도 결국 남는 것은 처연함.,3.5,1316
데몰리션,시종 빛나는 제이크 질렌할.,3.0,543
에브리바디 원츠 썸!!,무목적성이야말로 유희의 핵심. 정말 원없이 넋놓고 논다.,3.5,320
환상의 빛,시간의 소금기가 배어 있는 장면들. 오래도록 메아리치는 질문들.,4.0,540
도리를 찾아서,본능적인 가족애보다 약점을 서로 보완해주는 우정이 더 인상적.,3.5,872
사냥,"""그 산에 오르지 말았어야 했다""는 메인 카피가 자꾸 생각난다.",1.5,444
인디펜던스 데이: 리써전스,롤랜드 에머리히의 사반세기 외길 인생.,1.5,252
비밀은 없다,모두가 어울리지 않는 옷을 입고 참석한 행사처럼.,2.0,276
우리들,"절실하고 간절해도 계속 관계에서 미끄러지는 아이들, 그들, 우리들.",4.5,1697
특별수사: 사형수의 편지,한국 스릴러 영화들이 애용하는 편리하고도 뻔한 해결 방법.,2.5,210
백엔의 사랑,뻔한 말로 위로하는 대신 힘주어 손잡아주기.,3.0,259
정글북,'보이지 않는 CG'의 위엄.,3.5,469
본 투 비 블루,쳇 베이커의 지독한 삶과 황홀한 음악 사이 괴리를 달콤쌉쌀하게 메운다.,3.5,581
초인,영화가 끝나면 책을 펴고 싶어진다.,2.5,135
아가씨,시종 킬킬대게 만드는 검은 유머와 흥미롭게 비틀린 회색 플롯 사이를 경쾌하게 질주하는 붉은 감정.,4.0,2250
엑스맨: 아포칼립스,성실하고 세심한 모범생 블록버스터.,3.5,538
싱 스트리트,사랑스러운 범작. 사내 아이들에게 락밴드란.,3.0,970
사돈의 팔촌,이런 소재를 이렇게 풋풋하게.,3.0,149
클랜,악마적인 인물들도 종종 주변에선 호인으로 여겨진다지.,4.0,231
곡성(哭聲),그 모든 의미에서 무시무시하다.,5.0,3587
4등,사랑의 매는 없다. 폭력은 그저 폭력일 뿐.,4.0,944
캡틴 아메리카: 시빌 워,익숙함과 새로움 사이의 절묘한 균형감각.,4.0,1336
브루클린,멜로 속에 들어앉은 성장영화의 곧은 시선.  수처작주 입처개진(隨處作主 立處皆眞).,4.0,721
시간이탈자,구슬이 서 말이라도 꿰어야 보배.,2.0,219
주토피아,현실의 문제를 더욱 또렷하게 드러내는 잘 만든 우화의 탄력.,3.5,889
해어화,화려하고 비장하지만 부담스러운 옛 창법처럼.,2.5,320
러시: 더 라이벌,'러시'라는 본제목과 '더 라이벌'이라는 부제 모두에 제대로 부합한다.,4.0,319
내 마음의 풍금,"지나갔기에 애틋하게 떠올려지는 그 시절, 그 사랑.",3.0,185
스틸 플라워,희망과 생명을 담기 위해선 부득불 가혹한 수난을 안겨야 할까.,2.5,125
배트맨 대 슈퍼맨: 저스티스의 시작,이토록 값비싸고 희한한 사모곡.,2.5,647
아노말리사,사랑의 시작과 끝은 모두 자신의 고독을 발견할 때 당황하는 것으로 드러난다. (라 브뤼에르),4.5,852
너는 착한 아이,"닫힌 문 뒤의 아동학대, 그 문을 열기 위한 간절한 노크.",3.0,170
"헤일, 시저!",(확신에 찬 거대한 신념에 등돌리고 선 채) 영화가 주는 작고 보잘 것 없는 위안 앞에서 고개를 끄덕이며 고백하는 코언형제.,4.0,474
살인의 추억,한국영화계가 2003년을 자꾸 되돌아보는 가장 큰 이유.,5.0,2140
조이,구심력을 상실한 에너지.,3.0,222
펀치 드렁크 러브,풍금소리처럼 포근하고 펀치드렁크처럼 얼얼하다. 정말 희한한 사랑영화의 마력.,4.5,930
굿바이 버클리,그들의 이야기와 음악이 영화로 옮겨지길 기다려왔건만.,2.5,68
갓 오브 이집트,이집트는 할리우드의 무덤.,1.5,383
룸,"브리 라슨의 3년 후, 제이콥 트렘블레이의 15년 후가 무척 궁금하다.",4.0,764
귀향,역사에 대한 울분. 영화에 대한 한숨.,2.0,1847
사울의 아들,"미칠 것 같은, 미치고 싶은, 미쳐지지 않는, 미칠 수 없는.",5.0,1209
스포트라이트,'모두가 대통령의 사람들'과 함께 오래도록 거론될 모범적 언론영화.,4.5,1605
동주,다 보고나니 눈과 귀를 맑은 물에 헹군 듯하다.,3.5,2229
대니쉬 걸,에디 레드메인의 경력 최고 연기.,3.0,763
검사외전,배우의 매력으로 가린 허점.,2.5,1838
자객 섭은낭,마음을 어떻게 담을 것인가. 아름다움을 어떻게 품을 것인가.,4.0,301
쿵푸팬더 3,팬더가 주인공인 애니메이션 시리즈의 힘. 심지어 이번엔 팬더들.,3.0,280
개를 훔치는 완벽한 방법,귀여운 유머와 사려깊은 결말이 함께 담긴 동화.,3.5,495
가족시네마,"드물게도, 수록작품들이 모두 좋은 한국 옴니버스 영화.",3.5,426
아버지의 초상,도덕적 인간과 비도덕적 사회. 그래도 물러설 수 없는 지점에 대하여.,3.5,301
스티브 잡스,흡사 펜싱선수처럼 현란한 아론 소킨의 극작술.,3.5,641
캐롤,멜로드라마의 역사가 장르에 내린 햇살같은 축복.,5.0,3252
빅쇼트,한국영화에서 가장 찾기 힘든 종류의 재능.,4.5,2041
레버넌트: 죽음에서 돌아온 자,"""여기까지겠지"" 싶은 지점에서 한참 더 들어간다. 정말 끝까지 간다.",3.5,2298
헤이트풀8,"미스터 블랙을 새롭게 데리고, 처음으로 화끈하게 되돌아간 타란티노.",3.5,656
유스,"(""감정이 전부야""라는 극중 대사처럼) 너무나도 유려하고 지독히도 감상적.",3.0,585
에브리띵 윌 비 파인,인물로부터 미끄러지는 아름다운 풍광.,2.5,107
조선마술사,"한 해의 끝에서, 액땜으로 여길 듯한 영화를 보았다.",1.5,1010
바닷마을 다이어리,업의 무거운 사슬 속에서도 인연의 선한 고리를 늘려가는 사람들이 주는 감동.,3.5,1414
스타워즈: 깨어난 포스,(야심가가 아니라) 모범생이 만든 완성도 높고 안정적인 속편. 오래된 시리즈를 튼튼하고 맵시있게 보수해서 새롭게 발진시킨다.,3.5,854
레전드,톰 하디의 화려한 1인2역만 보인다.,2.5,529
히말라야,도통 터지지 않는 웃음. 맺히자마자 얼어붙는 눈물.,2.0,924
대호,느리지만 진한 설득.,3.0,567
미스트리스 아메리카,'프란시스 하'에 그대로 이어지는 듯한 '프란시스트리스 아메리카'.  노아 바움백과 그레타 거윅의 협업을 시리즈처럼 계속 보고 싶다.,3.5,491
하트 오브 더 씨,바닥이 보이지 않는 심연을 마주한 자들의 운명.,3.5,337
맥베스,대지를 붉게 적시는 안개와 바람의 파토스.,4.0,637
트립 투 잉글랜드,여행이 끝나도 여전히 남아 있는 삶의 문제들.,3.0,150
시카리오: 암살자의 도시,이런 게 바로 내내 멱살잡고 끌고가는 영화.,4.5,1801
괴물의 아이,세심하게 일구는 호소다(細田)와 굳건하게 버티는 마모루( 守)의 어깨동무.,3.0,595
당신의 세상은 지금 몇 시?,열쇠 같은 건 필요 없어요. 문이 활짝 열려 있으니까요.,3.0,169
내부자들,적나라하고 자극적인 효과 자체에 사로잡혀 있다.,2.5,1072
007 스펙터,007 시리즈와 가족영화의 부정교합.,2.5,601
검은 사제들,모험적 시도에 스타파워가 제대로 기여한 경우.,3.0,1183
와즈다,힘차게 첫 페달을 밟은 그녀(들)에게 축복을!,3.5,203
친절한 금자씨,흡사 윤리학적 실험실 같은 강렬한 설정에 담긴 딜레마.,4.5,1129
스파이 브릿지,누군가가 존경스러운 것은 결국 신념의 내용이 아니라 형식 때문.,4.0,720
더 기프트,'올드보이'를 지탱했던 모티브들의 흥미로운 변용.,3.5,199
더 랍스터,사랑은 시스템과 충돌한다는 것. 광장에서든 밀실에서든.,4.0,1374
더 폰,마치 문제를 해결하기 싫어서 일부러 엉뚱한 행동을 하는 사람들처럼 보인다.,2.0,581
하늘을 걷는 남자,어느 순간부터 눈이 아니라 오금으로 영화를 보게 된다.,3.5,825
디판,그곳이 어디라도.,3.0,56
빽 투 더 퓨쳐 3,이 시리즈가 몇 년 내로 리부트될 거라는 데에 1만원 겁니다!,3.0,313
빽 투 더 퓨쳐 2,시간여행 테마의 다양한 용처.,3.0,143
빽 투 더 퓨쳐,30주년인 2015년에서 다시 30년이 더 지나서 봐도 여전히 흥미진진할 듯.,4.0,554
리그레션,애쓴 배우들에게 박수를.,2.0,93
더 비지트,(일단) 수렁에서 빠져나온 샤말란.,3.0,163
라이프,아스라이 썰물이 되는 잔물결들.,3.5,290
페이스 오프,할리우드에서도 철저히 오우삼적이어서 성공한 오우삼.,3.5,196
8월의 크리스마스,지난 20년간 한국 멜로는 결국 허진호였다.,4.5,1383
봄날은 간다,"허진호와 이영애와 유지태, 그들 각자의 최고작.",5.0,1264
더 홈즈맨,"(서쪽에서 동쪽으로 이동방향을 바꾸고, 남성 대신 여성을 중심에 놓고서) 토미 리 존스가 거꾸로 써낸 의미심장한 서부극.",3.5,89
슬로우 웨스트,살의와 냉소로 가득한 서부를 선명하게 가로지르는 동화.,4.0,438
탐정 : 더 비기닝,웃음이 나다가도 멈칫멈칫하게 된다.,2.5,388
서부전선,단편에 맞을 상황극을 장편으로 만들다보니.,2.0,180
지금은맞고그때는틀리다,"홍상수, 지금도옳고그때도옳다.",4.5,937
메이즈 러너: 스코치 트라이얼,스피드와 규모를 키우고도 전편을 능가하지 못하는 허다한 속편들의 미로.,2.5,603
마션,하나를 위한 전체.  세상에서 가장 낙천적인 (SF)재난영화.,4.0,2491
사도,"천둥 같은 분노가 아니라 이슬 같은 무력감.  (영조는 사도를 아들이기에 앞서 세자로 여겼고, 사도는 영조를 왕이기에 앞서 아버지로 생각했다는 것.)",3.5,3225
앙: 단팥 인생 이야기,가와세 나오미 특유의 관념적 감상주의를 줄였더라면 더 좋았을텐데.,3.0,183
피케이: 별에서 온 얼간이,선명한 메시지를 요란한 코미디에 담았다.,2.5,143
뷰티 인사이드,영완얼?,2.5,3162
침묵의 시선,이제 그만 잊자는 자들의 광란.  끝내 잊을 수 없는 이들의 탄식.,4.0,454
이민자,기품 넘치는 정조와 질감만으로도 모든 것을 납득시킨다.,4.5,487
판타스틱 4,수퍼히어로 장르의 밑바닥.,1.0,467
미라클 벨리에,딸의 성장영화라기보다는 부모의 성장영화.,3.0,542
미니언즈,귀여운 캐릭터만으로는 부족할 수밖에.,2.5,330
블러바드,로빈 윌리엄스의 그 사람좋은 미소 뒤에 감춰졌던 쓸쓸한 그림자.,3.0,160
위로공단,사실적인 인터뷰와 환상적인 이미지.  그중에서도 가장 인상적이었던 것은 담담히 증언하는 강명자씨의 표정과 어투가 주는 감동.,3.5,133
나의 어머니,가장 슬픈 순간에도 일을 해야만 할 때 찾아오는 이상한 위로,3.5,100
"협녀, 칼의 기억",절대사랑의 관념성에 내내 붙들려 있어 옆을 보지 못한다,2.5,157
쉘로우 그레이브,대니 보일은 처음부터 반짝반짝했다,4.0,220
엔드 오브 데이즈,End  of  his  days        (이 영화 이후 아놀드 슈워제네거가 출연한 재미있는 영화를 본 기억이 없다.),1.0,101
닥터 봉,한석규의 데뷔작이자 그해 한국영화 흥행 1위작. (그냥 그랬다구요!),3.0,89
셰익스피어 인 러브,"뭐, 괜찮긴 하다만, 이 영화가 '라이언 일병 구하기'를 누르고 그 해 아카데미 작품상을 받다니!",3.5,216
배드 캅,하비 카이텔의 미친 연기,5.0,179
부기 나이트,내가 폴토머스앤더슨교에 입교한 계기,4.5,369
쥬드,세상에서 가장 참혹한 라스트신 중 하나,4.5,152
영혼은 그대 곁에,'사랑과 영혼' 때문에 가려진 수작,3.5,46
총알탄 사나이 3,3편까지 계속 재미있는 코미디 영화는 없더라는,2.5,28
델리카트슨 사람들,매력적으로 돌출된 사운드 몽타주,4.0,115
조용한 가족,지금 봐도 신선한 김지운의 첫 발자국,3.5,184
황혼에서 새벽까지,스크린 첫 주연작으로 이런 영화를 고를 수 있는 조지 클루니란 배우,3.5,226
어딕션,세상에서 가장 철학적인 뱀파이어 영화,4.0,78
동정없는 세상,손가락을 튕겨 에펠탑 조명을 끄는 모습이 오래도록 마음에 남는다,3.5,32
식스 데이 세븐 나잇,스파크 하나 없는 로맨틱 코미디의 따분함,1.5,27
고하토,"젊은 감독들이 흔히 육체와 욕망의 덧없음을 그리려 하는 반면, 노년의 거장들은 육체와 욕망을 탐미적으로 찬양하는 일이 많다는 아이러니.",3.5,129
다케시즈,"다케시님, 어디로 가시나이까.",2.5,32
스페이스 잼,스페이스 노잼,2.0,841
베테랑,심플하고 힘있게 치고 달리는 영화가 선사하는 통쾌함.,3.5,1441
러브 앤 머시,삶이라는 족쇄와 예술이라는 날개. 그 사이의 전망 환상 때로는 착란.,3.5,123
미션 임파서블: 로그네이션,첩보 장르의 고전적 서스펜스와 액션 장르의 호쾌한 스펙터클의 흥미진진한 배합.,4.0,821
픽셀,"애덤 샌들러, 아직도 잠수 중.",1.5,138
화양연화 리마스터링,스쳐가는 순간들로 사랑의 시간을 인수분해하다.,5.0,2200
에이 아이,스티븐 스필버그의 최고작.,5.0,1174
키리시마가 동아리활동 그만둔대,희망 없이도 행복할 수 있다는 것.,4.5,1199
퍼머넌트 노바라,앞이 가로막힌 이들의 사랑법.,3.5,73
암살,역사극으로서 하고 싶은 말과 여름대작으로서 보여줘야 할 것 사이의 괴리.,3.0,1932
스쿨 오브 락,한바탕의 신나는 난장을 만들어내는 유희정신.,3.5,278
파스카,반려동물 테마를 다루는 섬세한 손길.,3.0,23
인사이드 아웃,나는 이제 너에게도 슬픔을 주겠다. 사랑보다 소중한 슬픔을 주겠다. (정호승의 시 '슬픔이 기쁨에게'),4.0,9291
종이 달,진짜 쾌락과 가짜 삶.   문을 옆에 두고도 창을 깨고 폭주하는 자의 벽.,4.0,466
터미네이터 제니시스,"음, 이렇게 두 편이 더 나온다는 건데...",2.5,253
마돈나,끝없는 전락에도 끝끝내 가라앉지 않았던 생의 부력.,3.0,143
한밤의 아이들,살만 루슈디의 걸작 소설을 스크린으로 접할 수 있다는 장점.,3.0,20
연평해전,내내 관성적인 작법과 시종 경직된 연출.,1.5,596
경성학교: 사라진 소녀들,신선한 얼굴들을 한국영화계에 힘차게 소개한다. '여고괴담'의 성공적인 시리즈가 그랬듯.,3.0,162
극비수사,소재의 개성을 살려내지 못했다.,2.5,323
쥬라기 월드,그저 시리즈 1편만 하염없이 바라본다.,3.0,427
은밀한 유혹,극의 기본 분위기조차 설득시키지 못한다면.,1.5,66
한여름의 판타지아,창작에 대한 질긴 고민이 아름답고 맑은 꿈을 잉태하다.,4.5,456
샌 안드레아스,대지진에 매몰된 도시를 다루다가 장르적 관습에 매몰된 영화.,2.5,290
트립 투 이탈리아,화려한 말의 성찬 끝에 맞닥뜨린 바다같은 침묵.,3.5,75
산다,살아낸다. 휘청인다.,3.0,31
무뢰한,전도연이다. 전도연이다. 전도연이다.,3.5,1076
첨밀밀,세월을 뛰어넘어 흐르는 홍콩 멜로 영화의 뭉클한 풍경들.,4.0,413
위아영,"이보게, 어떻게 나이가 숫자에 불과할 수 있겠나.",3.0,226
악의 연대기,반전강박에 잡아먹힌 또 한 편의 스릴러.,2.0,548
매드맥스: 분노의 도로,오래오래 회자될 장대하고도 지독한 자동차 액션(들들들).,4.5,2848
엑시덴탈 러브,역시나 도중에 감독이 바뀌면 무탈하기 어려운 법.,1.5,40
윈터 슬립,"타인이 지옥인 세상에서, 저마다 마음의 감옥에 갇힌 수인들.",4.0,113
"조제, 호랑이 그리고 물고기들",부디 우리가 도망쳐온 모든 것에 축복이 있기를. 도망칠 수밖에 없었던 우리의 부박함도 시간이 용서하기를. 결국 우리가 두고 떠날 수밖에 없는 삶의 뒷모습도 많이 누추하지 않기를.,4.5,7825
스틸 앨리스,축! 오스카 수상. 그러나 줄리언 무어는 늦어도 2003년엔 받았어야 했다.,3.0,180
차이나타운,제스처가 된 염세주의는 종종 얼마나 허망한가.,2.5,139
어벤져스: 에이지 오브 울트론,끝도 없이 뻗어나가는 마블 시네마틱 유니버스의 거대한 광맥.,3.0,293
분노의 질주: 더 세븐,폴 워커의 질주했던 삶 뒤로 쏘아올리는 화려한 예포.,3.0,343
생 로랑,시대의 격랑 위를 미끄러지는 어느 예술가의 음화와 양화.,3.0,29
채피,닐 블롬캠프의 창작력은 데크레센도. 이제 '에일리언' 시리즈가 걱정된다.,2.0,118
리바이어던,"세상은 뭍같이 까딱 않는데, 파도야 어쩌란 말이냐.",4.0,215
원스 어폰 어 타임 인 아메리카,시간의 벽을 자유자재로 넘나드는 세르지오 레오네의 영화적 마술.,5.0,351
모스트 바이어런트,불타는 야망은 결국 그 간절함 때문에 타락한다.,3.5,131
소셜포비아,어떤 게임은 참여자 모두를 패배하게 한다.,3.0,341
나이트 크롤러,제이크 질렌할의 내내 섬뜩한 그 눈빛.,4.0,806
그레이의 50가지 그림자,이 영화의 속편을 볼 인내심이 내게 있을까.,1.5,597
위플래쉬,J.K.시몬즈의 명연조차 이 영화의 탁월한 성취 중 일부분일 뿐.,5.0,2398
이미테이션 게임,천재 신화를 완성하는 것은 세상과의 불화라는 비극성.,3.5,1370
버드맨,끊어지기 직전의 외줄 위에서 펼치는 현란한 영화적 곡예.,4.0,930
킹스맨: 시크릿 에이전트,취향의 폭주 끝에서 마주치게 되는 뻔뻔한 클라이맥스의 짜릿한 쾌감.,4.0,2404
이다,한없이 투명에 가까운 여백.,4.5,264
아메리칸 스나이퍼,능란하지만 성찰없는 클린트 이스트우드의 영화를 대하는 당혹감.,3.0,219
마미,천재라기보다는 스타.,3.0,409
폭스캐처,가질 수 없는 것을 가지려는 자의 지옥.,5.0,671
트라이브,아이디어가 영화보다 크다.,3.0,140
강남 1970,"밑그림만 뚜렷할 뿐, 마음 둘 곳 하나 없이 온통 비릿하다.",2.0,254
허삼관,위화 원작 세계를 한국땅과 한국역사에 제대로 옮겨내지 못한 위화감.,2.5,235
내일을 위한 시간,응원과 반성은 둘이 아님을 알려주는 사회윤리학 실험실.,4.5,609
맵 투 더 스타,크로넨버그가 뿜어대는 그 서늘한 냉기.,3.5,50
기술자들,김우빈이 인상적이었을 뿐.,2.0,178
국제시장,사람냄새와 쉰내 사이에서 슬렁슬렁.,2.5,591
호빗: 다섯 군대 전투,각색 규모와 방향이 잘못되면 피터 잭슨조차도.,3.0,228
"님아, 그 강을 건너지 마오",시간을 견뎌낸 모든 것에 갈채를.,3.0,357
목숨,평범한 사람도 위엄있게 끝맺을 수 있다는 위안.,3.5,56
철의 꿈,가장 물적인 광경에 가장 영적인 정경을 겹쳐놓으며 역사를 되묻는다,4.0,56
언더 더 스킨,세계에 대한 예술의 대응. 익숙한 것들을 전혀 달리 보고 듣게 만든다.,5.0,325
엑소더스: 신들과 왕들,파란만장하지만 낡은 소재를 다루는 또 하나의 밋밋한 각색.,3.0,153
갈증,인공지옥 테마파크.,2.5,290
빅매치,야단법석 헛소동.,2.0,212
거인,성장영화가 아닙니다. 일종의 재난영화입니다.,3.5,1284
카트,노동 문제에 대한 명확한 주제의식을 대중적 화법에 담았다.,3.0,254
액트 오브 킬링,악마에 대한 전율과 인간을 향한 탄식. 나는 이 영화를 잊을 수 있을까.,5.0,693
인터스텔라,SF를 향한 놀런의 웅대한 꿈. 그 한가운데 자리한 가족영화의 간절한 순간.,4.0,1411
나의 독재자,감정적 분출보다 이성적 접근이 오히려 더 필요했을 소재.,2.5,150
보이후드,그때 그 아이는 어떻게 내가 되었나.,5.0,2379
나를 찾아줘,흥미로운 이야기를 더욱 팽팽하게 잡아당기는 데이빗 핀처의 장력.,4.0,1209
제보자,직업정신이 무엇인지 잘 보여주는 드문 한국영화.,3.5,465
마담 뺑덕,굳이 '심청전'을 끌어들일 필요가 없었을 이야기.,2.0,479
오직 사랑하는 이들만이 살아남는다,황량한 세계를 시적인 운율로 유영하는 로맨티시즘.,4.0,321
경주,마침내 환상이 현실을 스멀스멀 뒤덮는 순간의 아득함.,3.5,159
비긴 어게인,따스하고 감미로운 기성품. 주인공들의 태도와 영화 자체의 태도가 서로 충돌한다.,3.0,512
60만번의 트라이,믿음직하면서 결국 뭉클해지는 그 얼굴들 하나하나.,3.0,28
자유의 언덕,잠든 남자와 병든 여자의 참 쓸쓸한 동화.,4.0,236
루시,밸런스를 무시한 채 단순하게 폭주한다.,2.0,652
두근두근 내 인생,염도가 낮은 눈물.,2.5,282
타짜 - 신의 손,순간순간의 재미를 위한 캐릭터 돌려막기.,2.5,544
족구왕,브레이크 없는 유희정신이 만들어낸 단순하고도 강력한 안티테제.,3.5,263
매직 인 더 문라이트,우디 앨런 영화에 이렇게 관성적이고 지루한 라스트신이라니.,2.5,432
모스트 원티드 맨,위대한 배우의 찬란하고도 처연한 퇴장사.,4.0,331
해적: 바다로 간 산적,"느슨하고 실없이, 푸근하게 웃긴다.",3.0,185
해무,어느 평범할 수도 있었던 자(들)의 참혹한 소용돌이.,3.0,130
마담 프루스트의 비밀정원,애니메이션에는 그토록 잘 맞았던 실뱅 쇼메의 감성이었지만.,2.5,94
명량,어쨌든 해전 부분은 인상적.,2.5,967
가디언즈 오브 갤럭시,요즘 마블은 흡사 십수년 전의 픽사처럼 보인다.,4.0,858
군도:민란의 시대,의뭉스러운 유머로 맛깔나게 차렸다.,3.5,361
프란시스 하,생생한 캐릭터를 넘치는 활력으로 살아낸 그레타 거윅.,3.5,541
혹성탈출: 반격의 서막,블럭버스터가 보일 수 있는 위엄의 극대치,4.0,466
트랜스포머: 사라진 시대,ll: 때린다 부순다 무너버린다 :ll  (최남선 '해에게서 소년에게'),1.5,350
님포매니악 볼륨2,조롱하는 내용을 형식으론 긍정하는 자기분열적 미학.,3.0,215
님포매니악 볼륨1,라스 폰 트리에의 유머 감각을 인정하게 됐다,3.0,178
그린 존,언제나 현장감이 생생한 그린(그래스) 존.,3.5,47
우는 남자,피바다 속의 감상주의.,1.5,127
그레이트 뷰티,노년이란 소리와 그림자 외에 무엇이란 말인가. (에우리피데스),4.0,218
엣지 오브 투모로우,익숙한 재료들도 배합하는 솜씨에 따라서는.,3.5,810
끝까지 간다,두 주인공이 처음 직접 대면하게 될 때의 굉장한 박력.,3.5,1209
디센트,호러는 만든 이의 실력 차이가 가장 두드러지는 장르.,4.0,274
4.4.4.,완성된 영화에서 무작위로 15분간 가위질을 한 것 같다.,1.0,46
정사,몸의 고함과 마음의 비명 모두에 귀 기울일 줄 안다.,3.5,28
용서받지 못한 자,패기와 상상력까지 있었더라면!,3.5,118
에브리데이,"어제와 별반 다를 바 없는 오늘들이 모여 어느새 훌쩍, 세월",3.5,39
성룡의 신화,새로운 시도가 반드시 좋은 것은 아니다. 특히 성룡은.,2.5,35
신들의 전쟁,타셈 싱도 완성된 영화를 보면서 속상했을 듯.,2.0,66
세상에서 가장 아름다운 이별,펑펑 울고 싶은 요즘 당신에게.,3.0,236
마이애미 바이스,징그러울 정도로 집요한 마이클 만.,3.5,39
로맨틱 크라운,심심한 맛에 계속 입에 넣는 감자칩처럼.,3.0,39
동해물과 백두산이,공형진과 박철만으로는.,1.5,15
낮술,1천만원으로 무엇을 할 수 있겠냐고 묻는다면.,3.5,83
영웅본색,이제는 전설이 된 이름들.,4.5,389
지구를 지켜라!,2000년대 가장 인상적인 한국영화 감독 데뷔작.,4.5,708
사랑도 리콜이 되나요,음악과 영화가 한몸이 된 흥겨운 로맨틱 코미디.,4.0,83
러브레터,"눈의 잔상과 편지의 이명, 끝내 남아 있는 사랑의 흔적들.",4.5,1396
언터처블: 1%의 우정,따스하고 유머러스한 생의 찬가.,3.5,373
러브 어페어,두 배우의 영화 안팎을 넘나드는 사랑의 징표.,3.0,50
에이리언,외계인 소재의 영화의 기준을 세운 독창적 걸작.,5.0,540
제인 에어,영문학의 고전을 우아하고 서정적으로 각색하다.,3.5,150
터미네이터,한계를 매력으로 바꾸어 낸 제임스 캐머런의 창의성.,4.0,174
사랑과 영혼,효율적인 각본과 능란한 연기가 빚어낸 대중영화의 위력.,4.0,203
아마데우스,"흥미로운 각본, 우아한 연출, 좋은 연기를 모두 갖춘 음악영화의 품격.",4.5,449
완전한 사육 - 신주쿠 여고생 납치사건,그냥 너절한 핑크영화였어.,1.0,41
춤추는 대수사선 2,성공한 직장 여성에 대한 엉뚱한 화풀이.,2.5,13
서양골동양과자점 앤티크,상처를 다뤄내는 한국영화의 새로운 감각.,3.5,219
킬러들의 도시,범죄 스릴러에서 아이러니란 이렇게 활용하는 것.,4.5,201
도희야,이렇게 이야기를 맺을 수 있는 감독이 주는 신뢰감.,3.5,196
기담,비범한 이미지.,3.5,116
엑스맨: 데이즈 오브 퓨처 패스트,"약은 약사에게, '엑스맨'은 브라이언 싱어에게.",4.5,1254
고질라,괴수영화의 양감.,3.0,75
인간중독,내내 푸석푸석한 그 중독.,2.0,139
스타로부터 스무 발자국,"""왜 행운은 어떤 이에겐 웃음지으면서 다른 이들은 흘려보내는가."" (이글스. 'The sad cafe')",3.5,84
디태치먼트,이토록 화려한 절망.,3.0,414
역린,밀도를 위한 종적 구조와 마냥 부피를 늘려가는 횡적 화술의 상쇄.,2.5,112
표적,각본 전개의 필요에 따라 제조해낸 인위적 설정들.,2.5,127
그녀,대상(Her)이 주체(She)가 되는 순간에 찾아오는 어른의 사랑.,4.5,4811
아이 엠 샘,"숀 펜과 다코타 패닝, 비틀즈의 따스한어울림.",3.0,167
파이트 클럽,현대문명의 허상을 조롱하는 통렬한 블랙코미디.,5.0,1125
방황하는 칼날,'어린 악마'들을 바라보는 기성세대의 당혹감.,3.0,142
어메이징 스파이더맨 2,흥미로운 이야깃감과 좋은 배우들을 동원하고도.,3.0,201
슈렉 3,적(디즈니)과 오래 싸우다보면 적을 닮아간다.,2.5,186
한공주,영화로 보내는 간절한 응원. 이 미친 세상에서.,4.0,1674
천주정,탄식의 동굴에서 벗어나 분노의 마그마를 분출하는 지아장커.,4.0,73
캡틴 아메리카: 윈터 솔져,질적으로 동반상승하고 있는 마블 영화들을 보는 즐거움.,3.5,584
우아한 거짓말,청소년의 달에 방영되는 평범한 TV 단막극 같다.,2.5,217
만신,통념의 울타리를 걷고 분방하게 펼치는 영화적 무가(巫歌).,3.5,73
노아,스펙타클 재난극이라기보다는 인간이라는 종에 대한 환멸이 담긴 염세적 우화.,3.0,186
그랜드 부다페스트 호텔,지나온 적 없는 어제의 세계들에 대한 근원적 노스탤지어.,5.0,2599
몬스터,개성을 위해 희생시켜버린 수많은 것들.,2.0,79
가타카,차가운 디스토피아를 우아하게 그려낸 순도 높은 SF.,4.0,915
줄리 & 줄리아,"메릴 스트립과 에이미 아담스, 신구의 조화와 대조.",3.5,142
300: 제국의 부활,철 지난 돌림노래.,2.0,89
어바웃 어 보이,영국식 일급유머의 향연.,3.5,113
뷰티풀 마인드,천재성과 광기의 상관관계에 대한 흥미로운 드라마.,3.5,252
이오지마에서 온 편지,전쟁이라는 거대한 모순 속의 역설과 휴머니즘.,4.5,119
아버지의 깃발,끝내 외면할 수 없는 진실의 환청.,4.0,86
비포 선셋,숲을 이루지 못한 꽃은 외롭고 숲을 이룬 꽃은 시든다.,5.0,2603
아메리칸 뷰티,"장밋빛 꿈과 핏빛 현실, 안에서부터 무너지는 중산층의 꿈.",4.0,520
록키 호러 픽쳐 쇼,뒤집고 부수면서 전방위적으로 뻗어나가는 에너지.,4.5,281
가위손,팀 버튼의 작품세계를 단 한 편으로만 대변해야 한다면.,4.5,703
샤이닝,호러가 공간을 어떻게 다뤄야 하는지 큐브릭이 보여준다.,4.5,876
블루 발렌타인,사랑의 맹세로도 치유되지 않는 상처에 대하여.,4.5,782
로미오와 줄리엣,팝아트적 감각으로 신선하게 되살려낸 셰익스피어의 고전.,4.0,260
죽은 시인의 사회,교사가 주인공인 헐리우드 드라마 중에서 단연 캡틴!,4.0,488
12 몽키즈,테리 길리엄의 손끝에서 빚어진 혼돈스런 세기말의 풍경.,3.0,96
이티,아이의 눈으로 세상을 바라보게 하는 스필버그의 마법.,4.5,324
비포 선라이즈,"여행과 사랑, 이다지도 달콤한 낭만적 판타지.",4.0,879
달라스 바이어스 클럽,평범한 배우였던 맥커너히에게 대체 무슨 일이 일어난 걸까.,3.5,619
더 울프 오브 월 스트리트,돈이 원하는 것은 언제나 더 많은 돈.,4.0,907
"가장 따뜻한 색, 블루",그 사랑의 처음과 끝을 고스란히 옆에서 지켜본 느낌.,4.0,1612
그렇게 아버지가 된다,가족을 만드는 것은 본성이 아니라 역사.,4.0,1601
머드,가장 지역적인 디테일로 살려낸 가장 보편적인 성장담.,4.0,155
사이비,원악과 차악과 독선이 뒤엉키는 뻘밭에서 믿음을 묻다.,3.5,286
캡틴 필립스,실화 사건 소재로 생동감 만들어내는 데는 폴 그린그래스가 최고.,4.0,184
사랑에 빠진 것처럼,유리창에 잠시 머무는 잔영처럼 서로에게서 미끄러지는 사람들.,4.0,107
화이 : 괴물을 삼킨 아이,파국을 향한 전력질주.,4.0,347
애프터 루시아,말하지 않은 슬픔은 인간을 어떻게 내파하는가.,4.0,69
일대종사,내려앉지 못하고 흩날리는 것들의 풍경화.,4.0,160
히든,스크린을 칼로 찢는 듯한 충격.,4.0,75
황산벌,요절복통 진행되지만 결국 남는 건 가슴 속 검푸른 멍 하나.,4.0,233
행복,폐허에서 사랑을 되묻다.,4.5,159
해리포터와 죽음의 성물 2,마지막이 가장 뛰어난 시리즈를 대하는 기쁨.,4.0,1141
하하하,과거의 말라붙은 우물에서 목을 축이려는 현재의 유령들.,4.0,149
플래닛 테러,이토록 짜릿한 분탕질이라니!,4.0,98
폭풍의 언덕,바람이 탄식하고 들풀이 호소하는 멜로.,4.0,199
폭력의 역사,깊고 집요하고 흥미롭다.,4.0,110
퍼블릭 에너미,세상에서 가장 쿨한 것 중 하나는 마이클 만의 범죄 영화.,4.0,93
판타스틱 플래닛,이런게 상상력.,3.5,156
판타스틱 Mr. 폭스,거의 미쳤다고 해도 좋을 유머 감각.,4.0,454
파주,아우성치는 침묵.,4.0,104
파라노이드 파크,구스 반 산트는 뒷모습의 표정을 안다.,4.0,98
팅커 테일러 솔저 스파이,스파이란 직업과 사무실이란 공간의 결합이 이처럼 멋지다니.,4.0,296
티켓,세 편 모두 좋다. 눈 밝고 맘 따뜻한 거장의 소품들.,4.0,17
트리 오브 라이프,대양을 향한 물방울의 염원.,4.0,129
타짜,2시간 19분이 1시간 19분처럼 지나간다.,4.5,1024
타인의 삶,이야기를 어떻게 맺어야 하는가에 대한 모범례.,4.0,704
클래스,예술을 예술로 만드는 것은 결국 형식.,4.0,56
쿵푸팬더,바닥까지 웃었다.,4.0,236
컬러풀,피스풀. 소울풀. 뷰티풀.,4.0,226
캐빈 인 더 우즈,헬게이트가 열린 다는 게 어떤 건지 확실히 보여준다.,4.5,612
추격자,망치처럼 내려치고 정처럼 파고든다.,4.0,568
천하장사 마돈나,정말 따뜻한 영화는 바로 이런 영화.,4.0,207
천년학,꽉 채운 100번째 영화를 텅 비운 마음의 스크린에 담다.,4.0,21
찰리와 초콜릿 공장,판타지 왕국의 수도는 팀 버튼.,3.5,727
제로 다크 서티,정보국 직원의 집념과 허탈감을 생생히 그린 직업 드라마.,4.0,416
잘 알지도 못하면서,홍상수를 더 잘 알게 되는 즐거움.,4.0,106
짝패,"만들고 싶은, 만들 수 밖에 없는, 만들어서 모두가 좋은.",4.0,153
인셉션,플롯을 루빅스 큐브처럼 자유자재로 갖고 논다.,4.0,782
인 더 컷,입체적인 섹스 스릴러.,3.5,18
익사일,100점짜리 액션 시퀀스들이 있다.,4.0,33
28일 후,"타인은 지옥, 그 지옥의 가장 뜨거운 불은 생존본능.",4.0,268
우린 액션배우다,"재치와 우정, 연민과 추념으로 빚은 좋은 곡주.",3.5,29
왕의 남자,하고 싶은 말을 강력하고 명확하게 전달하는 능력.,4.0,473
여행자,이 영화를 보고도 눈물이 안 쏟아지면 병원에 가보세요.,4.0,180
엘라의 계곡,반전 영화로도 훌륭하고 스릴러로도 좋다.,4.0,31
엑스맨: 퍼스트 클래스,우리는 어떻게 '엑스맨' 시리즈를 다시 사랑하게 되었나.,4.0,661
어벤져스,무엇보다 탁월한 캐릭터 코미디.,4.0,404
아티스트,말을 하지 못하면 감정은 더 절실해진다.,3.5,209
아르마딜로,소름끼치도록 사실적인 '전장'(戰場)영화.,4.0,38
아는 여자,낯 간지럽지 않게 순정을 말할 줄 아는 로맨틱코미디.,4.0,368
아내의 애인을 만나다,자기만의 리듬을 가진 코미디.,4.0,12
시저는 죽어야 한다,무심한 시간의 냉기와 옥죄는 공간의 습기 속에서 느끼는 생(生)의 피로감.,4.5,70
씨 인사이드,삶은 결국 어떻게 죽느냐의 문제.,4.0,63
시스터,수직과 수평의 시각적 상징을 뛰어나게 직조했다.,4.0,83
시라노; 연애조작단,서툴고도 아름다웠던 젊은날에 보내는 아릿한 송가.,3.5,235
스테이트 오브 플레이,"쇼트와 쇼트, 신과 신이 짝짝 달라 붙는다.",4.0,58
스타트렉 다크니스,"그 SF, 쌈박하다.",3.5,265
스토커,시공간을 끊임 없이 바느질하는 플롯과 편집의 마술.,4.0,521
스캔들 - 조선남녀상열지사,우아하고 요염하다.,3.5,65
스카우트,코 끝 시큰한 페이소스.,4.0,96
쓰리 타임즈,위대한 감독의 여정을 한 영화에서 차례로 되짚어보는 즐거움.,4.0,25
세계,어떤 감독은 삼십대 중반에 벌써 대가가 된다.,4.0,19
"색, 계",육체의 형형한 실존.,4.5,234
새드 배케이션,"아오야마 신지의 다른 영화들도 개봉할 수 있기를, 부디!",4.0,30
"사랑해, 말순씨",삶은 부서진 꿈의 퇴적물. 그래도 어디선가 소년은 자란다.,4.0,38
사랑을 카피하다,부뉴엘이 감수한 알렝 레네 각본을 리차드 링클레이터가 연출한 듯.,4.5,99
사라의 열쇠,통곡이나 흥분 없이도 비극을 잘 다룰 수 있다는 증거.,4.0,58
"4개월, 3주... 그리고 2일",보는 영화가 아니라 겪는 영화.,4.0,158
비몽,나비의 날개와 고양이의 발을 가진 영화.,4.0,56
브로큰 플라워,깨달음은 진공을 동경한다.,4.0,34
붉은 돼지,"미야자키 하야오, 따스한 염세주의자.",4.0,492
부당거래,류승완의 선전포고.,4.0,367
보리밭을 흔드는 바람,논쟁적 역사를 영화로 어떻게 다룰 것인가에 대한 모범례.,3.5,192
베리드,형식적 제약이 창의성에 날개를 달아준 경우.,4.0,311
베를린,한국 액션영화의 새로운 이정표.,3.5,285
범죄의 재구성,Coooooooool !,4.0,276
빨간 구두,군내 풍기지 않고 솜씨 좋게 조리한 중년 남자의 판타지.,3.5,16
미요코,만화와 영화가 만나는 가장 인상적인 방식 중 하나.,4.0,6
미스틱 리버,클린트 이스트우드의 가장 어두운 걸작.,4.5,200
미스트,10년이 지나도 이 영화의 결말은 또렷하게 떠오를 것 같다.,4.5,1412
미스 리틀 선샤인,붕대 같은 영화.,3.5,385
미션 임파서블 : 고스트 프로토콜,피부에 짝짝 달라붙는 서스펜스.,4.0,212
미드나잇 인 파리,비관주의자의 낭만주의.,4.0,1333
문라이즈 킹덤,웨스 앤더슨이 축조한 사랑스런 인형의 왕국.,4.0,454
무산일기,인물의 뒷모습이 가장 인상적으로 담긴 한국영화.,4.0,41
멋진 하루,정량분석과 정성분석이 모두 좋은 화술.,4.0,206
말죽거리 잔혹사,"장려했으니, 우리 그 낙일!",4.0,84
만추,결국 사랑은 시간을 선물하는 일.,4.5,1556
메모리즈,"17년만의 국내 상영, 그 짜릿했던 매력이 여전할까.",4.0,38
마터스: 천국을 보는 눈,호러의 어두운 그림자에 어른거리는 염세적 화인(火印).,4.0,152
마츠가네 난사사건,부정하고픈 세상 속에 내가 들어앉아 있을 때의 딜레마.,4.0,15
링컨,정치란 때로는 최악을 피하기 위한 차악의 모색.,4.0,153
로큰롤 인생,저렇게 노래하고 싶다. 그렇게 죽고 싶다.,4.0,31
로나의 침묵,꿈보다 연민.,4.0,60
라푼젤,'아바타' 이후 최고의 3D 영화.,4.0,386
라스트 데이즈,전인미답의 길을 가는 구스 반 산트.,4.0,33
라디오 스타,쉽다. 깊다. 좋다. 마음을 가져간다.,4.0,404
디어 한나,영국 대중문화의 절대우위는 록밴드와 배우.,4.0,27
드래곤 길들이기,"그러니까, 가끔은 3D로 봐야만 하는 영화가 있어요.",4.0,550
드라이브,능수능란한 변박(變拍)의 쾌감.,4.0,282
돼지의 왕,"재작년엔 '똥파리', 작년엔 '김복남~', 그리고 올해는!",4.0,120
똥파리,모든 장면에 다이너마이트가 장착되어 있다.,4.0,304
도쿄 소나타,아주 특별한 오프닝과 엔딩.,4.0,86
도쿄!,"오! 봉준호, 악! 카락스, 에~ 공드리.",4.0,382
도둑들,일일이 탄력을 부여하며 공 10개를 흥미진진하게 저글링한다.,4.0,373
데쓰 프루프,'The End'가 뜨면 나도 모르게 박수를 치게 된다.,3.5,551
더 헌트,공동체 안에서 인력이 척력으로 변하는 순간의 폭력에 대한 섬뜩한 보고서.,4.0,750
더 차일드,윤리로 작동하는 카메라.,4.0,59
더 브레이브,자신이 믿지도 않는 이야기도 황홀하게 그려낼 수 있는 코엔.,4.0,118
대단한 유혹,"하나를 위한 전부, 전부를 위한 하나.",4.0,21
다크 나이트 라이즈,장중하고 우아한 마무리.,4.0,687
다이 하드 4.0,우려에서 환호로.,4.0,116
다른나라에서,외국관객들은 제대로 못 느낄 뉘앙스까지 만끽하는 한국관객의 복.,4.0,212
누구의 딸도 아닌 해원,가봤던 곳과 해봤던 일인데도 번번이 미끄러지는 처연함.,3.5,242
남영동1985,강력한 영화. 바닥까지 흔든다.,3.5,144
"나의 친구, 그의 아내",죽비처럼 내리친다.,4.0,20
나무없는 산,무표정은 오래 견디는 자의 표정이다.,4.0,59
김복남 살인사건의 전말,올해 가장 파워풀한 한국 영화!,4.0,198
그때 거기 있었습니까?,우스꽝스러운 현실의 끝에서 마술 같은 도약을 보여준다.,4.0,16
그녀를 믿지 마세요,이 영화는 믿으세요.,3.5,354
귀향,'라이브 플레쉬'에서부터 알모도바르 작품은 다 좋다.,3.5,74
굿 셰퍼드,로버트 드니로가 만든 '대부'.,4.0,38
굿바이 칠드런,오래 전 그날의 냄새와 공기까지 기억한다.,4.0,68
"광해, 왕이 된 남자",대중영화의 모범적 연기와 화술. 반듯하고 번듯하다.,3.5,371
공기인형,생(生)의 박동과 숨결을 쇼트마다 아로새긴 그 리듬.,4.5,170
고지전,한국전 소재 영화들에 대해 시큰둥했던 심정을 일소한다.,4.0,366
꼬마 니콜라,눈에 넣어도 안 아플 것 같은 영화.,3.5,290
고고70,이런 음악 영화를 충무로에서 보고 싶었다.,4.0,131
건축학개론,각질 하나 없이 생생한 감성의 결.,4.0,480
거기엔 래퍼가 없다,어디서 무엇이 되어 다시 만나리.,4.0,12
강령,섬뜩한 게 어떤 건지 너무 잘 알려주는 구로사와 기요시.,4.0,24
겨울왕국,중독적인 노래들과 낭만적인 겨울풍광의 위력.,3.5,258
월터의 상상은 현실이 된다,마침내 현실이 상상을 넘어설 때의 해방감.,3.5,1524
변호인,송강호라는 거인의 사자후.,3.5,484
잉투기,신선한 소재와 경쾌하게 분출하는 에너지.,3.5,92
올 이즈 로스트,지독한 미니멀리즘 속의 시퍼런 실존.,3.5,42
쇼를 사랑한 남자,고개를 절레절레 젓게 하던 인물에게 결국 끄덕이게 만드는 연기.,3.5,34
소원,효과 대신 배려. 활용 대신 예의. 기술 대신 태도.,3.5,353
러시안 소설,호숫가에 서린 새벽안개처럼.,3.5,27
컨저링,재료를 다 공개하고도 먹음직스런 음식을 만드는 요리사처럼.,3.5,159
우리 선희,내가 누구인지 말할 수 있는 자는 누구인가.,3.5,329
황혼의 사무라이,캐릭터만 바꿔도 장르는 새로워진다.,3.5,21
황색 눈물,이별의 순간을 바라보는 이누도 잇신 시선의 온도.,3.5,34
화차,한 순간도 핵심에서 벗어나지 않는다.,3.5,434
호우시절,낭창낭창 사뿐사뿐 허진호.,3.5,86
호빗 : 뜻밖의 여정,미답의 새로운 영상체험을 향해 한 걸음 더.,3.5,97
호로비츠를 위하여,한발 한발 성실하게 전진하는 드라마.,3.5,44
"혜화,동",삶의 침전물에 대한 골똘한 응시.,3.5,70
형사 Duelist,도돌이표의 주술. 그래도 이명세는 세상에서 한 명뿐.,3.5,72
헤어드레서,주인공이 잘 되길 내내 응원하면서 보게 된다.,3.5,28
"행복한 엠마, 행복한 돼지 그리고 남자",인간의 더운 피가 흐른다.,3.5,11
해프닝,아직도 샤말란은 남들이 갖지 못한 것을 갖고 있다.,3.5,87
하프웨이,기분좋게 간지럽다.,3.5,67
하비의 마지막 로맨스,(레니 크라비츠 곡명처럼) It ain't over till it's over.,3.5,11
하류인생,역사의 그물에서 갓 건져올린 펄펄 뛰는 에피소드들.,3.5,32
하늘에서 음식이 내린다면,픽사가 마음을 놓을 수 없는 이유.,3.5,100
피터 팬의 공식,데뷔작에서 기대하는 건 바로 이런 것.,3.5,12
피에타,"강렬한 라스트신, 마음 속 붉은 줄 긴 꼬리를 남기다.",3.5,168
피쉬 스토리,음악의 힘에 대한 감동적인 과대망상.,3.5,11
플레이스 비욘드 더 파인즈,마침내 떠나는 소년의 뒷모습을 그저 응시할 수밖에.,3.5,213
플라이트 93,시속 4km에서 시작해서 시속 800km로 끝난다.,3.5,125
프리다,고통과 창작력 사이의 상관관계에 대하여.,3.5,49
프레스티지,흥미롭고 신비로운 반전.,3.5,174
폭력써클,"미학적으로 옳고, 메시지도 강력하다.",3.5,28
팩토리 걸,전락의 스펙터클.,3.5,15
패션 오브 크라이스트,멜 깁슨의 집념 혹은 아집.,3.0,271
퍼시픽 림,로봇이 바다로 성큼성큼 걸어들어갈 때의 두근거림.,3.5,267
파이터,조연들이 주연이다.,3.5,93
파라노말 액티비티,보이지 않는 것을 보도록 만드는 영리한 리액션 호러.,3.5,125
파닥파닥,인상적인 표현력과 예민한 감수성의 애니메이션.,3.5,123
틴틴: 유니콘호의 비밀,어드벤처 장르물로서 끝장을 보겠다는 듯이.,3.5,60
트로이,신들이 떠난 자리에서 벌이는 인간들의 전쟁.,3.5,129
투야의 결혼,이국의 처절한 비극을 쾌적한 멀티플렉스에서 보는 미안함.,3.5,6
토끼 울타리,스크린을 찢고 나오는 실화의 힘.,3.0,9
태극기 휘날리며,'쉬리'만큼 매끈하고 '쉬리'처럼 아쉽다.,3.5,136
타운,도시 범죄를 실감나게 그린 장르영화의 매력.,3.5,66
킹스 스피치,흥미로울 것 없는 소재를 흥미롭게 만들어내는 솜씨.,3.5,476
크로니클,초능력 설정으로 선명히 살려낸 10대의 어두운 에너지.,3.5,292
크레이지 하트,찰나에 세월을 담아 연기하는 제프 브리지스.,3.5,17
콜드 마운틴,안소니 밍겔라는 자연과 인간을 조화시킬 줄 안다.,3.5,46
코파카바나,포근한 코미디에도 잘 어울리는 이자벨 위페르.,3.0,34
카페 느와르,간신히 존재하는 것들에 대한 영화물리학 실험.,3.5,34
카운트다운,2004년의 최동훈 감독을 보는 듯!,3.5,23
카우보이 비밥 - 천국의 문,한국 애니메이션이 결여하고 있는 것.,3.5,166
카모메 식당,카모메 식당에 찾아가 오니기리를 먹고 싶다.,3.5,465
7급 공무원,끝까지 힘을 잃지 않는 유머의 동력.,3.5,79
최종병기 활,'활'을 제목으로 내세운 영화가 할 수 있는 거의 모든 것.,3.0,178
초(민망한)능력자들,센스 넘치는 넌센스 영화.,3.5,35
체인질링,"이스트우드 감독님, 그저 만수무강 하시기를.",3.5,95
준벅,무력함을 인정하는 순간 찾아오는 삶의 평화.,3.5,24
주노,"기억해야 할 이름, 엘렌 페이지.",3.5,232
"좋은 놈, 나쁜 놈, 이상한 놈",컴플렉스를 벗은 한국영화 액션.,3.5,242
조금만 더 가까이,낙엽과 포말의 감수성.,3.5,23
적인걸: 측천무후의 비밀,"서극, 작심하면 이 정도는 한다.",3.5,14
잠수종과 나비,인간은 상상력과 회상력의 날개로 비상한다.,3.5,62
작전명 발키리,'선수'가 만든 서스펜스.,3.5,59
1408,평범한 공간을 영화적으로 확장하는 법.,3.5,100
인 어 베러 월드,메시지에 걸맞는 좋은 연기와 사려 깊은 시나리오.,3.5,29
인디아나 존스: 크리스탈 해골의 왕국,먹을 것 많은 전통 상차림.,3.0,69
이퀼리브리엄,눈호강시켜주는 액션 장면 몇 개만으로도.,3.5,155
이층의 악당,잔재미로 빼곡.,3.5,90
이스턴 프라미스,100 %의 비고 모텐슨.,3.5,171
이끼,158분을 달리고도 소진되지 않는 에너지.,3.5,198
윈터스 본,'미스트'와 '더 로드'에 이어 3년째 연초부터 스산하고 먹먹.,3.5,51
웰컴,그 차가운 바다의 가녀린 휴머니즘.,3.5,8
월래스와 그로밋: 거대토끼의 저주,클레이 애니메이션의 느린 제작 속도만을 탓할 뿐.,3.5,114
월드워Z,좀비 서스펜스의 영리한 용례 모음집.,3.5,183
워 호스,전쟁을 소재로 삼고도 동화를 뽑아내는 스필버그.,3.5,141
우리 생애 최고의 순간,"충무로 대중영화, 다시 전진하다.",3.5,40
우리들의 행복한 시간,두 청춘스타의 빛나는 매력.,3.5,78
완득이,김윤석-유아인은 올해의 앙상블.,3.5,208
50/50,자기 연민에 빠지지 않고서 삶과 죽음을 말하는 법.,3.5,364
오션스 13,세련된 매너를 지닌 주최자의 파티에 참석한 기분.,3.5,94
오블리비언,잘 빠진 SF. 눈이 호사를 누리게 한다.,3.5,192
오! 브라더스,관객의 마음을 꿰뚫어본다.,3.0,30
영화는 영화다,거칠고 강렬한 동물적 에너지.,3.5,65
열혈남아,아! 나문희. 오! 설경구.,3.5,42
연애의 온도,이 죽일놈의 연애.,3.5,344
여자는 남자의 미래다,"이 차가움, 이 솔직함, 이 뻔뻔함.",3.5,60
여배우들,신선한 크림 같은 영화.,3.5,71
엘레지,욕망을 관조하는 시간.,3.5,8
A-특공대,액션 영화의 경공술.,3.5,67
어톤먼트,우아하면서도 감각적인 연출.,4.0,515
어메이징 스파이더맨,스파이더맨 2 > 스파이더맨1 >>> 어메이징 스파이더맨 >> 스파이더맨3.,3.0,506
애자,반짝반짝 최강희 별.,3.5,36
애니멀 타운,서늘하고 또렷하다.,3.5,19
악마는 프라다를 입는다,원작 소설보다 영화가 더 낫다.,3.0,261
아타나주아,"인류학자의 손, 신화학자의 눈.",3.5,5
아카시아,목질은 단단하진 않아도 수액은 진하다.,3.5,14
아이언맨,2008년 여름 블럭버스터 1번 타자의 깔끔한 1루타.,3.5,268
아빠의 화장실,급속히 부푼 공동체의 꿈은 얼마나 허망한가.,3.5,7
아라한 장풍대작전,클라이맥스 액션 신만 좀 짧았더라면!,3.5,117
싱글 맨,톰 포드가 건설한 감각의 제국.,3.5,235
심슨 가족: 더 무비,유쾌한 패러디의 바다.,3.5,107
실버라이닝 플레이북,제니퍼 로렌스의 동년배 최강연기. 브래들리 쿠퍼의 경력 최고연기.,3.5,610
실락원,그토록 화제가 됐던 영화도 이렇게 뒤늦게 개봉하게 되니.,3.5,18
신의 소녀들,크리스티안 문주의 집중력은 여전히 무서울 정도.,3.5,16
신세계,그래도 부인하기 어려운 장르영화의 쾌감.,3.5,476
시리아나,냉철한 지성으로 묘파한 석유의 정치학.,3.5,20
슬럼독 밀리어네어,흥미로운 스토리와 번쩍이는 연출 끝의 감동 한 스푼.,3.5,234
스플라이스,설마설마했는데 결국 끝까지 가더라는.,3.5,189
스트레인저 - 무황인담,눈-비-바람을 부리는 일급 액션.,3.5,31
스타트렉: 더 비기닝,SF 순도 99%.,3.5,173
스타스키와 허치,촌티를 재미로 바꿔낸 경찰 액션 영화.,3.0,8
스카이 크롤러,다음 세대를 바라보는 안쓰러움과 미안함.,3.5,22
스위니 토드: 어느 잔혹한 이발사 이야기,눈물처럼 쏟아지는 핏물.,3.0,204
슈퍼 에이트,"이 우악스러운 여름 블럭버스터 시즌에, 귀여워!",3.5,69
슈퍼배드,픽사의 세컨드 유닛이 만든 것 같은 퀄리티.,3.5,118
소스 코드,"8분을 8초처럼 쓰기도 하고, 80분처럼 쓰기도 한다.",3.5,466
소년 메리켄사쿠,미친 록음악 영화의 골때리는 재미.,3.5,12
썸머워즈,호소다 마모루의 여름 안에서 살고 싶다.,3.5,705
선샤인 클리닝,모든 것을 믿게 만드는 에이미 아담스의 무구한 얼굴.,3.5,76
선샤인,걸작이 될 뻔했다.,3.5,209
싸이보그지만 괜찮아,희망 없이도 힘을 내는 법.,3.5,180
사운드 오브 노이즈,희대의 뮤직 케이퍼무비가 선사하는 참신한 오락.,3.5,15
사생결단,체액으로 현상한 것 같은 영화.,3.5,39
사랑할 때 버려야 할 아까운 것들,늙어가는 것을 사랑할 줄 아는 로맨틱 코미디.,3.5,79
사과,세상의 그 모든 연애들을 다 떠올리게 하는 사실감.,3.5,65
비카인드 리와인드,이상적 영화만들기에 대한 공드리의 백일몽.,3.5,55
비지터,리처드 젠킨스의 조용한 카리스마.,3.5,9
블러디 선데이,불끈 쥔 주먹을 한번도 펴지 않는 영화.,3.5,28
브로큰 임브레이스,알모도바르의 격렬한 짝짓기의 세계.,3.5,19
브라더후드,요동치는 플롯의 속도감.,3.5,7
불청객,충무로 주류SF가 겨울잠 자는 사이에 누군가의 골방에선!,3.5,45
불신지옥,한국 공포영화에 대한 희망을 버릴 수 없는 이유.,3.5,194
부러진 화살,한국의 법정이라는 부조리 코미디.,3.0,117
볼트,디즈니 애니메이션의 여전한 저력.,3.0,38
벤자민 버튼의 시간은 거꾸로 간다,실크처럼 매끄럽고 벨벳처럼 우아하다.,3.5,275
베오울프,오래된 이야기와 새로운 기술이 이물감 없이 멋지게 어울렸다.,3.5,42
번 애프터 리딩,아무 것도 아닌 걸로 흥미진진하게 말할 수 있는 달변.,3.5,219
밴드 비지트 - 어느 악단의 조용한 방문,일용할 위안.,3.5,5
127 시간,차-포 떼고 두는 장기에 더 흥미를 느끼는 대니 보일.,3.5,73
밀크,숀 펜에겐 아직 안 보여준 얼굴이 얼마나 더 있을까.,3.5,68
밀레니엄 : 여자를 증오한 남자들,"리스베트 살란데르, 혹은 루니 마라의 굉장한 매력.",3.5,231
믹막: 티르라리고 사람들,오래 신뢰를 다진 사람들이 즐겁게 일하는 현장 풍경이 떠오르는 듯.,3.5,21
미 앤 유 앤 에브리원,그래도 아직 열어젖히지 않은 시간만이 희망이다.,3.5,27
"미안해, 고마워",네 편의 단편이 골고루 좋다.,3.5,16
미스터 브룩스,연쇄살인 소재로도 가족을 이야기할 수 있다.,3.5,56
뮌헨,원죄는 가해자의 피해의식.,3.5,108
묵공,예의바른 전쟁영화.,3.5,15
목격자,삶 전체의 피로가 담긴 하루.,3.5,13
메종 드 히미코,마음은 언제나 여진에 흔들린다.,3.5,229
메가마인드,픽사의 '인크레더블'에 대한 드림웍스의 대답.,3.5,186
로봇,뻔뻔하고 신선하다. 버스비 버클리의 SF 버전.,3.5,19
더 블루스 - 소울 오브 맨,영화를 보고나면 OST를 사게 된다.,3.5,4
더 리더: 책 읽어주는 남자,"욕조의 에로스, 깡통의 에티카.",3.5,290
호빗: 스마우그의 폐허,장대하거나 혹은 장황하거나.,3.0,104
헝거게임: 캣칭 파이어,밋밋하지만 튼튼한 교량 같은 속편.,3.0,118
카운슬러,의미의 소화불량.,3.0,61
롤러코스터,내내 낄낄대면서 보게 만드는 각본가로서의 재능.,3.0,227
관상,무거운 이야기를 지탱하느라 쉴새없이 발놀림.,3.0,130
가시꽃,백보에 대한 오십보의 분노와 탄식.,2.5,15
후회하지 않아,파격적 라스트신은 이 영화의 정체성.,3.0,29
효자동 이발사,호랑이 그리려다 고양이 그린 경우.,3.0,77
회오리 바람,대한민국에서 고교생들의 삶이란!,3.0,15
황당한 외계인: 폴,어쨌든 페그와 프로스트는 찰떡궁합.,3.0,80
호텔 르완다,영화를 압도하는 실화의 무게.,3.0,73
헬프,옥타비아 스펜서의 이름을 외우게 됐다.,3.0,173
헬보이 2: 골든 아미,캐릭터 디자인의 전시장.,3.0,68
헝거게임: 판엠의 불꽃,소재의 잠재력에 비해 아기자기하게 통제된 오락.,3.0,251
행오버,"기발한 전개, 아슬아슬한 웃음.",3.5,124
해운대,재난영화의 성선설.,3.0,90
해리포터와 죽음의 성물 1,시리즈 마지막 편을 남겨두고 미리 당겨서 해치우는 숙제.,3.0,184
해리포터와 불사조 기사단,시리즈의 피로가 느껴진다.,3.0,183
할람 포,"잘 자랐다, 제이미 벨.",3.0,66
한나,"그러니까, 굳이 액션영화일 필요는 없었던 성장영화.",3.0,106
하녀,"임상수, 이토록 서늘한 조물주.",3.0,73
하나,고레에다 히로카즈의 시행착오.,3.0,19
필립 모리스,햇살 가득한 게이 로맨스 코미디.,3.0,184
플레이,'원스'가 이끌어낸 트와이스.,3.0,24
플라이트플랜,시공간적 제약을 긴장의 연료로 삼았다.,3.0,106
프로포즈,"샌드라 불록, 최후의 개인기.",3.0,60
프로메테우스,리들리 스콧이 보여주는 놀라운 '돈의 맛'(을 빼면 평범한 우주괴담).,3.0,176
프라임 러브,사랑은 나이 차이조차 극복하기 어려울 만큼 약한 것.,3.0,24
폴리와 함께,즐길 수 있는 화장실 유머의 하한선.,3.0,7
포 미니츠,온화한 음악영화의 틀을 깨는 복잡한 심리 드라마.,3.0,15
페인티드 베일,부부는 무엇으로 사는가에 대한 고전적 해답.,3.0,77
페이스 메이커,스포츠 '휴먼' 드라마에 딱 맞는 소재.,3.0,14
페넬로피,동화가 필요한 봄날의 연인들을 위해.,3.0,75
퍼펙트 게임,스포츠 영웅을 어떻게 그려야 하는지 안다.,3.0,112
퍼니 게임,"""화난다면 그건 그대들이 지는 거~"".",3.0,108
파퍼씨네 펭귄들,뻔하면서도 유쾌하다. (Vice versa!),3.0,141
파이널 컷,좋은 아이디어. 묵직한 주제의식. 평범한 연출.,3.0,9
파란 자전거,착해지고 싶다.,3.0,5
트론: 새로운 시작,휘황하고 쿨한 광선 쇼.,3.0,70
톨스토이의 마지막 인생,역시 가정사는 남들이 함부로 재단해선 안된다는 것.,3.0,14
테이킹 우드스탁,"햇볕 좋은 일요일 오후, 늘어지게 낮잠 자고난 기분.",3.0,57
터미네이터: 미래전쟁의 시작,여름이라서 고마운 액션.,3.0,39
킹콩을 들다,사랑스러운 간절함.,3.0,33
킹덤,"머리는 '시리아나', 몸은 '람보'.",3.0,16
킬링 소프틀리,"선명한 주제의식, 날개 혹은 족쇄.",3.0,38
키핑 멈,엽기적 내용임에도 우아하고 넉넉한 영국 블랙코미디.,3.0,6
클로버필드,아찔한 현장감. 그래도 한번 더 볼 것 같진 않다.,3.0,214
크레이지,제한적인 여건 속에서 효율적 장르영화를 만드는 법.,3.0,12
퀵,개인기의 경연장.,2.5,33
퀴즈왕,개인기의 경연장.,2.5,15
쿵푸팬더 2,캐릭터의 매력으로 일단 2편까지는.,3.0,99
코스모폴리스,영화와 문학이 얼마나 다른 매체인지 새삼 확인.,3.0,41
컨트롤,음악으로도 삶의 난맥을 풀 수 없었던 락커의 비극.,3.5,25
캐리비안의 해적 - 세상의 끝에서,여름 블록버스터로 이의없음!,3.0,98
캐리비안의 해적 - 블랙 펄의 저주,'조니뎁스럽다'는 형용사도 가능할 듯!,3.0,235
칠판,"사미라 마흐말바프, 아직은 모흐센 마흐말바프의 딸.",3.0,10
초능력자,'언브레이커블' 모티브와 '해프닝' 이미지의 이식.,3.0,56
체포왕,능란한 코미디 연기와 수직 추격전의 재미.,3.0,20
청설,'그늘 없는 얼굴'이란 말의 뜻을 내내 실감할 수 있다.,3.0,120
천년여우 여우비,"""왜 애니메이션인가""란 질문에 ""왜 애니메이션이면 안 되나""로 답한다.",3.0,74
천국의 아이들,기획과 여건의 한계를 안고도 끝내 뭉클.,3.0,17
찰리 윌슨의 전쟁,솜씨 좋은 풍자에 이어지는 강자의 감상주의.,3.0,18
참을 수 없는 사랑,코엔 형제의 태작.,3.0,17
착신아리,촉각 호러.,3.0,36
차례로 익사시키기,영화 수비학자 피터 그리너웨이.,3.0,10
집행자,영화 밖의 현실에서 더 의미심장해지는 이야기.,3.0,10
GP506,로고스 대신 파토스.,3.0,18
"지금, 이대로가 좋아요",꾸준히 전진하는 배우들을 보는 기쁨.,3.0,40
전우치,"익살과 넉살, 능청과 딴청. 한국적 히어로를 보는 재미.",3.0,413
전설의 주먹,울고 싶은 아버지들을 위하여.,3.0,61
입술은 안돼요,모더니스트 거장의 푸근한 말년.,3.0,9
20세기 소년,(어쨌든) 2편을 기다리게 만든다.,3.0,13
은교,더 이상 내 것이 아닌 열망에 대하여.,3.0,303
의형제,남성 투 톱 영화에서 앙상블 좋은 두 배우를 보는 재미.,3.0,161
의뢰인,하정우를 신뢰할 수 있는 이유.,3.0,123
음란서생,"어수선한 초반, 재기발랄 중반, 통제불능 후반.",3.0,30
유령 작가,폴란스키의 현란한 잔기술.,3.0,12
유령 신부,팀 버튼 자신도 벗어나지 못한 '크리스마스의 악몽'의 자장.,3.0,49
웨이 백,살아있다는 게 얼마나 감사한 일인지 알게 한다.,3.5,50
웜 바디스,좀비에게 로맨틱 코미디의 예쁘장한 옷 입히기.,3.0,113
우아한 세계,뛰어난 배우 한 명이 한 작품에서 차지할 수 있는 비중의 극대치.,3.0,225
우리에겐 교황이 있다,"순하고 선하다. (혹은, 순순하지만 선선하진 않다.)",3.0,19
우리가 꿈꾸는 기적: 인빅터스,악센트보다 흐름이 중요하다고 믿는 이스트우드.,3.0,12
용의자X,발산하지 않고 수렴하는 류승범 연기를 보는 맛.,3.0,177
외출,이전 것은 떠났으되 새것은 아직 오지 못했다.,3.0,26
5x2,오종은 과대평가됐다.,3.0,21
연애,처절한 여성 수난극.,3.0,12
여행,청신한 로드무비.,3.0,6
열두 명의 웬수들,'그럼에도 불구하고 가족'임을 말하는 슬픈 코미디.,2.5,14
여섯 개의 시선,(당연히) 교훈적이고 (의외로) 재미있다.,3.0,47
8명의 여인들,여배우 8명 전체보다 존재감이 강한 감독.,2.5,31
에반 올마이티,아기자기한 재미를 집어삼킨 거대한 이야기.,3.0,29
언 애듀케이션,21세기의 펜으로 다시 쓴 '제인 에어'.,3.0,66
어웨이 프롬 허,사랑에서 추억을 제하면 무엇이 남을까.,3.5,36
어웨이 위 고,코엔 형제가 '노인을 위한 나라는 없다' 후 만든 '번 애프터 리딩'처럼.,3.0,18
어머니는 죽지 않는다,좀 더 정확한 제목은 '아들과 연인'.,2.5,3
악인,스릴러의 재미보다는 멜로의 매력을 더 갖췄다.,3.0,26
아홉살 인생,윤인호 영화의 체온.,3.0,17
아저씨,한국 액션영화의 새로운 감각.,3.0,162
...ing,매력적인 배우들이 풀어내는 뻔한 이야기.,3.0,35
아이스케키,과거의 진실은 현재의 클리셰.,3.0,14
아이덴티티,"강력한 반전, 텅 빈 영화.",3.0,446
아웃 오브 타임,끊임없이 간지럽히는 트릭의 재미.,3.0,5
아웃레이지,제 수족을 잘라내며 연명하는 조직이라는 괴물.,2.5,37
아내가 결혼했다,"화성으로 간 여자, 금성으로 간 남자.",3.0,72
심야의 FM,(어쨌든) 시종 몰아붙인다.,3.0,51
실미도,촌스럽지만 강력한.,3.0,126
"시네도키, 뉴욕",유작으로 만들어야 할 영화를 데뷔작으로 만든 감독.,3.0,116
스파이더맨 3,"블럭버스터의 탈을 쓴 성장영화, 멜로영화, 청춘영화.",2.5,120
수퍼맨 리턴즈,가장 종교적인 수퍼히어로 영화.,3.0,35
슈렉 포에버,이 정도로라도 시리즈를 끝내줘서 고맙슈렉!,3.0,117
숨,환부가 보이지 않는 통증.,3.0,17
서핑 업,펭귄은 애니메이션 장르에 잘 어울린다.,2.5,6
써니,노래와 춤을 어떻게 넣어야 효과적인지 잘 안다.,3.0,195
샴,예의바른 공포영화.,3.0,16
쌍화점,모든 것을 거는 사랑. 모든 것을 거는 배우.,3.0,88
사마리아,점점 종교적인 영화를 만드는 김기덕.,2.5,21
"사랑한다, 사랑하지 않는다",침묵으로 통곡하려는 복화술.,3.0,59
"사랑을 부르는, 파리",대범한 필치로 쓱쓱 그려낸 삶의 풍경화.,3.0,8
비우티풀,허리까지 차오른 파토스.,3.0,31
블랙북,곡예에 가까운 스토리.,3.5,50
블라인드 사이드,지극히 평범한 휴먼드라마를 구해낸 샌드라 불록.,3.0,193
블라인드,캐릭터의 약점을 영화의 장점으로 바꾸는 솜씨.,3.0,83
분노의 질주: 더 오리지널,자동차 추격전에서 당신이 기대하는 것.,2.0,38
뻔뻔한 딕 & 제인,웃어도 되나 싶은데도 웃긴다.,3.0,75
버니,소소하고 나른하게 사랑스러운 캐릭터 코미디.,3.0,34
뱅크 잡,실화가 강탈 영화에 부여한 생기.,3.0,12
방자전,유쾌한 음담패설 뒤에 숨은 이야기의 욕망.,3.0,67
발렌타인 데이,"진부한 기획, 진부하지 않은 에피소드.",3.0,18
반두비,신동일 감독은 한국영화의 방부제.,3.0,14
바람과 함께 사라지다,소화불량의 플롯. 그래도 경쾌하다.,2.5,36
바람,웃음이 절로 나는 정우의 멍하고 맹한 표정!,3.5,147
바더 마인호프,독버섯을 관찰해 토양의 오염을 고발한다.,3.0,22
미필적 고의에 의한 여름휴가,짝만 구하면 만사형통.,3.0,4
미운 오리 새끼,다른 영화에서도 만나고 싶은 신선한 얼굴들.,3.0,26
미스터 빈의 홀리데이,미스터 빈을 위한 최적의 시-공간적 설정.,3.0,21
모비딕,돋보이는 것은 장르적 패기.,3.0,34
모범시민,흥미로운 모티브의 매력이 이야기의 허점을 메운다.,2.5,71
명장,좋은 목적과 나쁜 수단에 대한 해묵은 논쟁.,3.0,14
메리다와 마법의 숲,혹시 픽사는 이제 내리막길을 걷게 되는 걸까.,3.0,118
머나먼 사랑,사랑도 결국은 휴머니즘.,3.0,6
맨 인 블랙 3,무난하다는 것은 '맨인블랙' 시리즈에는 정체성 위기.,3.0,96
맨 오브 스틸,액션 자체보다는 그 파장을 표현하는 '리액션'이 인상적.,3.0,208
맨발의 꿈,스포츠와 휴먼드라마의 찰떡 궁합.,3.0,24
맘마미아!,"평범한 연출이라 생각하는 순간, 노래에 장단 맞추고 있는 나.",3.0,444
말할 수 없는 비밀,숱한 기시감을 뚫고 살아남은 하이틴 영화의 고운 결.,3.0,237
마이 베스트 홀리데이스,점점 더 콩트처럼 느껴지는 파트리스 르콩트의 영화들.,3.0,5
마법에 걸린 사랑,귀엽고 깜찍하다.,3.0,155
마마 고고,어떤 감독이라도 자신의 어머니를 떠올리면...,3.0,14
리턴,개성은 잃었지만 이야기를 얻었다.,3.0,19
링컨 차를 타는 변호사,매튜 맥커너히는 역시 이런 배역에 딱!,3.0,85
르 아브르,연대에 대한 소박하고도 확고한 믿음.,3.0,27
로맨틱 헤븐,장진의 봄소풍.,3.0,12
로마 위드 러브,시간의 도시에서 펼쳐지는 시끌벅적 헛소동.,3.0,98
로니를 찾아서,좋은 생각.,3.0,5
레저베이션 로드,예리한 통각.,3.5,7
레이크 하우스,우아하고 무난한 리메이크.,2.5,24
러브 토크,쓸쓸함이 한껏. 그러나 클라이맥스 강박.,3.0,7
락 오브 에이지,"장르든 시대든 배우든, 자기희화로 오락 만들기.",3.0,17
라잇 온 미,독립변수인 시간과 종속변수인 사랑의 함수 관계.,3.0,20
라스트 사무라이,클라이맥스에서만 음정을 제대로 내는 '칼의 노래'.,3.0,22
라스트 스탠드,액션과 유머가 소소한 즐거움을 준다.,3.0,43
라스베가스에서만 생길 수 있는 일,카메론 디아즈는 '호들갑 연기계'의 효도르.,3.0,62
라 비 앙 로즈,에디트 피아프보다 더 에디트 피아프 같은 마리옹 코티아르.,3.5,256
디파이언스,"사회적 동물, 인간의 절망이자 희망.",3.0,10
디스터비아,평범한 스릴러에 생기를 불어넣은 청춘영화의 활력.,3.0,61
드리머,다코타 패닝도 좋지만 이 영화에선 커트 러셀!,3.0,8
뒷담화:감독이 미쳤어요,영화 현장에 바치는 이재용의 연서.,3.0,29
뚝방전설,안정적인 연출과 젊은 에너지.,3.5,23
두번째 사랑,비단 보자기로 싼 도시락.,3.0,18
돌스,예술에의 강박은 예술영화를 망친다.,2.5,18
돈 많은 친구들,네 여배우의 연기 앙상블을 보는 재미.,3.0,22
도쿄 타워,맨 얼굴도 그리 나쁘진 않은데 화장이 너무 요란한 경우.,3.0,38
도가니,관객들의 가슴에 불을 지른다.,2.5,133
데이브레이커스,장르의 점이지대에서 솟아나는 활력.,3.0,23
더 레슬러,뒤도 안 돌아보고 울리는 스포츠 신파.,3.0,42
더 그레이,조난 휴먼 드라마가 아니라 실존주의 상황극.,3.5,93
댈러웨이 부인,'디 아워스'의 뛰어난 성과에 비교할 때 남는 아쉬움.,3.0,14
댄 인 러브,시나리오를 쓰고 있는 작가의 표정이 내내 떠오른다.,3.0,18
대디 데이 케어,에디 머피판 '유치원에 간 사나이',2.5,9
늑대소년,송중기의 순도 높은 감성.,2.5,106
노잉,굽힘없이 뻗어나가는 스토리텔링.,3.5,89
노보,기억과 사랑에 대한 인상적 대사가 몇 번 나온다.,2.5,14
노다메 칸타빌레 Vol.1,망가져도 혹은 망가져서 더 귀여운 캐릭터들.,3.0,45
네버 렛 미 고,체념 뒤에도 여전히 남는 것들에 대하여.,3.5,162
너는 내 운명,실화가 통속적이면 연출도 통속적이어야 하는가의 문제.,3.0,87
내 이름은 칸,특수성과 보편성을 능숙하게 조화시킨 인도영화의 힘.,3.0,44
내 아내의 모든 것,진짜 부지런한 로맨틱 코미디.,3.5,251
내 슬픈 창녀들의 추억,욕망은 어떻게 증류되는가.,2.5,7
내 생애 최고의 데이트,여성판 '노팅힐' 판타지.,3.0,6
내 남자의 유통기한,가끔 귀엽고 이따금 날카롭다.,3.0,6
내가 사는 피부,난폭한 드라마의 재미와 그 극성(劇性)이 삼켜버린 것들.,3.0,42
내가 고백을 하면,스크린에서 객석으로 불어오는 훈풍.,3.0,38
낭만자객,매력이라곤.,1.5,23
남쪽으로 튀어,강력한 1인 캐릭터 영화의 명과 암.,3.0,56
날아라 펭귄,거울이 된 스크린.,3.0,19
나인,속스럽고 야단스런 감각의 제국.,3.0,23
나의 PS 파트너,뻔한 설정 속에서도 종종 신선하다.,3.0,107
나의 결혼 원정기,보고나면 스스로가 조금은 더 좋은 사람이 된 듯한 느낌.,3.0,22
나니아 연대기 - 캐스피언 왕자,단정한 교복을 입은 판타지.,2.5,46
나는 행복합니다,"밀봉한 절망, 고통의 밀실.",3.0,8
김씨 표류기,잘 만든 단편 하나와 평범한 단편 하나를 연이어 보고난 느낌.,3.0,203
그르바비차,역사의 망각에 대해 영화가 저항하는 법.,3.0,11
그대를 사랑합니다,오차 없이 정확한 이순재.,3.0,93
궁녀,참신하게 보여주고 혼란스럽게 들려준다.,2.5,25
굿바이 보이,입체적인 아버지와 평면적인 어머니.,3.0,8
국가대표,스포츠 영화의 성공적인 클라이맥스.,3.0,109
꽃미남 연쇄 테러사건,"작은 꿈, 단단한 성취.",3.0,31
공주와 개구리,향수에 젖은 디즈니.,3.0,42
골든 슬럼버,적게 많이 잃다가 결국 크게 한 방 딴다.,3.0,33
고양이: 죽음을 보는 두 개의 눈,좀 뭉툭해도 오랜만에 탄탄한 한국 호러.,3.0,13
경의선,'샘터'적인 남자와 '보그'적인 여자가 나누는 위로.,3.0,14
검우강호,검을 생물처럼 다룬다.,3.0,12
걸스카우트,"영화를 시작하는 힘은 총력이고, 완성하는 힘은 사력이다.",3.0,14
거북이 달린다,뛰어난 배우 한 명이 영화를 살렸다.,3.0,104
강철중: 공공의 적 1-1,KO 펀치 한 방 대신 부지런한 잽 백번.,3.0,49
각설탕,장르 이식실험 성공!,3.0,16
가을로,선하디 선한 로드무비 하나.,3.0,16
또 하나의 약속,마음을 뒤흔드는 실화. 용기있는 기획. 투박한 극화.,2.5,59
관능의 법칙,무난하거나 혹은 무미하거나.,2.5,32
수상한 그녀,오로지 심은경.,2.5,323
돈 존,허둥지둥 끝난다.,2.5,213
용의자,생동감에 대한 강박이 남기는 피로.,2.5,78
열한시,"""이해할 순 있지만 왜 그런지는 모른다""는 극중 대사처럼.",2.5,57
동창생,아이돌 스타 활용법 사전.,2.5,49
톱스타,묵직한 목소리와 뭉특한 화법.,2.5,11
러브레이스,전기영화가 인물을 평면적이고 소극적으로 다루면.,2.5,44
엘리시움,구멍 숭숭 상상력.,2.5,144
뫼비우스,욕망/고통의 순환에 대한 관념적 인식과 구체적 표현 사이의 괴리.,2.5,41
숨바꼭질,클라이맥스에서 힘과 흥미가 급격히 줄어드는 역설.,2.5,151
"히말라야, 바람이 머무는 곳",명배우의 반가운 귀환.,2.5,7
후궁 : 제왕의 첩,제각각 다른 그릇에 담겨 끓고 있는 인물들의 격정.,2.5,39
황진이,소극적인 연출. 액센트가 없는 리듬.,2.0,24
환상속의 그대,물길을 제대로 내지 못해 마냥 넘치는 감정.,2.5,28
화려한 휴가,뜨겁게 울리는 실화. 소재에 겁먹은 영화.,2.0,210
행오버 2,속편이라기보다는 전편의 재활용 영화.,2.5,113
핸콕,잘 나가던 영화를 어쭙잖은 신화가 잡아먹었다.,2.5,231
핸드폰,초점이 계속 바뀐다. 종국엔 그마저 사라진다.,2.5,20
해결사,몰개성의 스피드.,2.5,14
향수 - 어느 살인자의 이야기,악취는 없지만 향기도 없다.,2.5,195
하울링,시너지는 없었다.,2.5,44
하우 투 비,앞으로 나아가지 못하고 맴도는 플롯.,2.5,6
프로스트 VS 닉슨,대중영화에서 모든것은 정말 게임이어야만 하는 걸까.,2.5,17
푸른소금,만든 이의 손끝만 느껴진다.,2.5,30
페스티발,시종 뿅뿅거린다.,2.5,22
패스트 & 퓨리어스 2,"'패스트'이긴 하지만, '퓨리어스'라니요.",2.5,53
티끌모아 로맨스,중심에서 자꾸 미끄러지는 88만원 세대의 연애담.,2.5,18
트와일라잇,젊고 얇다.,2.5,120
트리스탄과 이졸데,낭만적 사랑만 목놓아 외치다 목이 쉬어버린 영화.,2.5,10
트랜스포머 3,지상 최대의 철거 영화.,2.0,257
트랜스포머: 패자의 역습,과유불급(過猶不及).,2.0,118
트랜스포머,뭔가 계속 재미 있는 것을 보고 있는 것 같은 착각.,2.5,328
투혼,옛날 영화를 보러갔다.,2.5,14
투 아이즈,피 대신 눈물.,2.5,6
투 가이즈,하나 더하기 하나가 둘보다 적은 경우.,2.0,14
투모로우,에머리히는 언제쯤 '극'영화를 찍을 수 있을까.,3.0,48
태풍,"질감 약한 볼거리, 메아리 없는 메시지.",2.5,25
타이탄,"그러니까, 항상 3-D로 볼 필요는 없어요.",2.5,45
킬러 인사이드 미,이것저것 다해보는 윈터보텀(을 지켜보는 안타까움).,2.0,8
키친,판타지와 리얼리티 사이에서 길을 잃은 멜로.,2.5,21
클라우드 아틀라스,엮이지 않는 것들을 굳이 엮었을 때 생겨나는 에너지 혹은 구멍.,2.5,112
크리스마스 캐롤,할로윈데이에 더 잘 어울릴 크리스마스 영화.,2.5,111
코드 46,마이클 윈터보텀도 이럴 때가 있다.,2.0,7
커플즈,남용된 슬랩스틱이 드러내는 빈약한 드라마 작법.,2.5,9
캐리비안의 해적: 낯선 조류,해적 보러 갔다가 인어만 보고 나온 경우.,2.5,225
7번방의 선물,캐릭터 학대를 통해 얻어낸 눈물의 의미는 뭘까.,2.0,1336
칠검,리안과 장이모 사이에 까치발로 선 서극.,2.5,6
철의 여인,105분짜리 메릴 스트립 연기 테크닉 쇼.,2.5,76
천일의 스캔들,외줄 선로만 달리는 캐릭터.,2.0,39
천년호,'은행나무 침대'와 '단적비연수' 사이 어딘가.,2.5,6
챔프,영화가 먼저 목놓아 운다.,2.5,16
집결호,중국 안이 열광적인 이유. 중국 밖이 심드렁한 까닭.,2.5,9
지.아이.조 - 전쟁의 서막,이병헌만큼은 충분히 인상적이지만.,2.0,45
즐거운 인생,철들고 싶지 않은 남자들의 백일몽.,2.5,30
줄리아의 눈,테크닉은 있지만 설득력은 없다.,2.5,38
노웨어 보이,결핍은 어떻게 창작을 추동하는가.,2.5,36
쩨쩨한 로맨스,(이선균이라는 토양 위에 세워진) 최강희라는 백화점.,2.5,22
제노바,서론만 있는 영화를 보는 듯한 허탈감.,2.5,5
저지 걸,따뜻한데 맥없는 영화(가뜩이나 노곤한 봄날에!).,2.5,7
저수지에서 건진 치타,'릴리 슈슈의 모든 것'으로 시작해 '구타유발자'들로 끝난다.,2.5,12
CJ7 - 장강7호,주성치의 앉은키 영화.,2.5,25
익스펜더블,안온함과 안쓰러움이 함께 느껴지는 노인정 블럭버스터.,2.5,69
이탈리안 잡,재치없는 '오션스 일레븐'.,2.5,64
이클립스,"뱀파이어와 키스 5번, 늑대인간과 키스 2번.",2.0,265
이웃사람,사실적 스릴러에서 설득력이 얼마나 중요한지 새삼 알려준다.,2.5,71
26년,"훨씬 더 잘 만들 수 있었던 영화, 아쉽게도.",2.0,249
이상한 나라의 앨리스,팀 버튼의 홀로 꾸는 꿈.,2.5,163
이브닝,그토록 화려한 캐스팅으로도.,2.5,5
2012,뭉툭한 재난영화.,2.5,54
은하해방전선,영화제 울타리 밖에서의 생존력에 확신이 서지 않는다.,2.5,37
위험한 관계,매끄러운 비단 위에서 시종 미끄러진다.,2.5,15
위대한 유산,공산품 코미디.,2.5,11
위대한 개츠비,반짝인다고 모두 금은 아니다.,2.5,428
원스 어게인,급작스러운 성공이라는 자장(磁場).,2.5,18
워리어스 웨이 리마스터링,오리엔탈리즘과 노스탤지어가 신기루 위에서 만나다.,2.5,14
워낭소리,늙어간다는 액(厄). 함께 늙어간다는 행(幸).,2.5,33
울프맨,강렬한 이야기에 맹맹한 연출.,2.5,10
우리 집에 왜 왔니,스토리와 에피소드는 괜찮은데 플롯이 그렇지 못한 경우.,2.5,14
우리 이웃의 범죄,장르와 이야기가 서로의 발목을 잡다.,2.5,3
우리에게 내일은 없다,절망의 클리셰.,2.5,16
요시노 이발관,"참신한 포석, 둔한 행마, 뻔한 끝내기.",2.5,14
오스트레일리아,"오래된 식당, 익숙한 재료, 뻔한 조리법.",2.0,19
오! 마이보스!,달을 가리키면서 자꾸 손가락만 보라는 라스 폰 트리에.,2.0,22
오늘,"깊은 생각, 경직된 어깨.",2.5,33
오구,왜 영화였을까.,2.5,6
영화소년 샤오핑,관념적인 '영화 예찬'을 위해 들러리 선 인물들.,2.5,3
영어 완전 정복,훨씬 더 재미있을 수 있었던 기획.,2.5,27
연의 황후,플라스틱 스토리. 클래시컬 액션.,2.0,7
연가시,II: 설명->사건->설명->사건->설명->사건 :II,2.5,235
엔젤,품위를 얻은 대신 스파크를 잃은 프랑수아 오종.,2.5,6
여덟 번의 감정,좋지 않은 영향으로 일렁이는 홍상수의 그림자.,2.5,4
엑스맨 탄생: 울버린,울버린에 대해 이미 알고 있는 것과 굳이 알 필요 없는 것.,2.5,135
애정결핍이 두 남자에게 미치는 영향,배우들의 개인기에 대한 과도한 의존.,2.5,21
알투비:리턴투베이스,아마도 올해 가장 짜증나는 한국영화 주인공 캐릭터일 듯.,2.0,126
안경,여유로운 영화가 아니라 게으른 영화.,2.5,85
아치와 씨팍,'변비'에서 벗어나려다 '설사'하는 경우.,2.5,31
아이언맨 2,두번째 타석에서 헛스윙 크게.,2.5,310
아이들...,두 종류 스릴러의 이상한 동거.,2.5,26
아빠가 여자를 좋아해,작은 아이디어들의 효과에 집착하느라 전체를 보지 못한다.,2.0,19
신기전,신기전 발사의 스펙터클 만으론.,2.5,24
식객,전체 구조와 리듬을 보는 거시적 시선이 느껴지지 않는다.,2.5,32
시체가 돌아왔다,허술한 그릇에 넘치는 개그. 그리고 과용된 류승범.,2.5,31
시선 1318,김태용 감독의 차기작 장편을 더욱 기대하게 만든다.,2.5,8
시간 여행자의 아내,"'남자는 배, 여자는 항구'의 맥없는 판타지 버전.",2.5,133
스피드 레이서,즐기기 위해선 이제 감각을 바꿔야 하는 걸까.,2.5,22
스크림 4G,어쨌든 이 시리즈는 끝까지 볼 것 같긴 하다.,2.5,26
슈퍼맨이었던 사나이,진심을 말할 때일수록 방식이 중요하다.,2.5,31
순정만화,'이명세'와 '허진호'의 부정교합.,2.5,8
수상한 고객들,리얼한 문제제기 자체를 무화시키는 해결 방식.,2.5,46
수,지독한가? 과연. 비장한가? 글쎄. 공감하나? 아니.,2.5,10
숏버스,질척이는 눈물.,2.5,21
솔트,철 지난 냉전 스릴러.,2.5,65
소리 아이,다큐는 결국 눈앞의 현실을 어떻게 볼 것인가의 문제.,2.5,4
셜록 홈즈,액션영웅 홈즈가 세계정복하려는 악당과 싸운다고라고라?,2.5,124
세인트 클라우드,그토록 많은 재료로 이토록 밍밍하게.,2.5,9
세번째 시선,6편 중 김곡-김선의 'Bomb! Bomb! Bomb!'이 제일 좋았어요.,2.5,7
세븐 데이즈,넘친다.,2.5,59
상어,흥미롭기도 하고 부담스럽기도 한 어떤 지점.,2.5,2
상성: 상처받은 도시,잘못된 만남.,2.5,5
빙우,이야기는 잘 들리고 이성재는 잘 보이지만 연출이 안 보인다.,2.5,4
비스티 보이즈,무엇을 위한 디테일인가.,2.5,266
블랙 달리아,요령부득 각색의 반면교사.,2.5,11
브로큰 시티,이리저리 떠밀려가며 표류하는 화술.,2.5,6
브라더 베어,픽사 없는 디즈니 애니메이션의 활로는 어디에?,2.5,9
불어라 봄바람,김정은 코믹 연기는 지금 충무로 여배우 중 최고.,2.5,13
본 레거시,살아있는 사마중달이 죽은 제갈공명에게 쫓겼던 것처럼.,2.5,121
보트,구슬이 서말이라도.,2.5,8
별이 빛나는 밤,플라스틱으로 만든 순수.,2.5,9
벡,몽타주로 대체할 수 없었던 사운드.,2.5,6
베이직,반전 강박이 스릴러 숱하게 망쳤다.,2.5,12
베스트 키드,윌 스미스야 아들 모습에 마냥 흐뭇하겠지만.,2.5,74
백야행 - 하얀 어둠 속을 걷다,자극적 요소만 모아놓으니 오히려 심드렁해지는 역설.,2.5,30
백악관 최후의 날,과녁을 대충 그리고 난 후 내내 돌직구.,2.5,36
백설공주,알록달록 올망졸망 간질간질 뒤뚱뒤뚱.,2.5,93
방황의 날들,왜 그렇게 시작하고 왜 거기서 끝냈을까.,2.5,3
반드시 크게 들을 것,힘차게 쏘았지만 과녁을 찾지 못하는 화살.,2.5,13
바비,'숏컷'이나 '매그놀리아'가 왜 뛰어난지 알려준다.,2.5,12
바람 피기 좋은 날,발랄한 세태극의 발목을 잡은 작위적 시스터후드.,2.5,16
바람의 전설,구조의 실패가 디테일의 성공을 잡아먹은 경우.,2.5,6
미후네,'도그마'의 율법으로도 가리지 못했던 상투성.,2.5,7
미스터 고,"기술을 얻고, 영화를 잃다.",2.5,106
무서운 이야기,네 편 중 김곡 김선 감독의 '앰뷸런스'가 단연 베스트.,2.5,88
목포는 항구다,"기억해둘 이름, 박철민.",2.5,24
모던 보이,이야기 자체의 동력이 약하다.,2.5,52
명왕성,강력한 주제의식이 희생시켜버린 것들.,2.5,42
메신져 - 죽은 자들의 경고,모험이 전혀 없는 알칼리 호러.,2.0,7
메달리온,이번엔 죽었다가 살아난 성룡이라네요.,2.5,14
매트릭스 3: 레볼루션,넓이를 깊이로 착각한 결과물.,2.5,146
마이웨이,가지만 있고 잎사귀는 없는 고목처럼.,2.5,44
마이 블루베리 나이츠,왕가위의 영어 숙제.,2.5,173
마법사들,왜 하나의 쇼트로 찍어야 했는지 설득시키지 못한다.,2.5,13
마린 보이,모든 게 들어 있다. 그러나 어느 것도 특출하지 않다.,2.5,19
마더 앤 차일드,인상 깊은 데뷔작 이후 뒤로 걷는 로드리고 가르시아.,2.5,9
리키,될 듯 될 듯 (여전히) 안 되고 있는 프랑수아 오종.,2.5,11
로프트,구로사와 기요시도 맥없는 호러 만들 때가 종종 있더라는.,2.5,10
런닝맨,"액션 따로, 추리 따로, 캐릭터 따로.",2.5,47
디스 민즈 워,대중적 재미가 있지만 자주 우스꽝스러워진다.,2.5,55
"두뇌유희 프로젝트, 퍼즐","스타일 없는 테크닉, 스릴 없는 트릭.",2.5,8
된장,장맛은 결국 뒷맛이거늘.,2.5,14
돈의 맛,비틀어 쓴 교훈극. 선명하게 시작해서 혼미하게 끝난다.,2.5,54
데인저러스 메소드,지적이지만 생동감 없는 경우. 그게 크로넨버그라서 더 이상한 경우.,2.5,43
더 웹툰: 예고살인,연속성을 무시하며 달려나가는 이야기와 캐릭터.,2.5,35
댄싱퀸,2012년 정치의 해가 '써니'를 다시 호출했을 때.,2.5,43
달빛 길어올리기,한지의 아름다움은 절실히 느낄 수 있었지만.,2.5,13
다크 섀도우,명사를 잃어버리고 형용사로만 남은 팀 버튼.,2.5,88
다세포 소녀,스포츠카에 타고도 브레이크를 너무 많이 밟는다.,2.5,71
닌자 어쌔신,액션의 피와 뼈.,2.5,29
뉴 문,종잇장 캐릭터의 설탕가루 나르시시즘.,2.0,68
"뉴욕에서 온 남자, 파리에서 온 여자",잘 쏟아낸다. 그런데 주워담질 못한다.,2.5,25
눈부신 날에,주연 배우가 클로즈업될 때마다 부담스러운 이유는 뭘까.,2.5,8
네드 켈리,물 탄 콜라 마시는 느낌.,2.0,4
내 청춘에게 고함,클리셰로 가득한 예술영화를 보는 부담.,2.5,3
내 인생의 마지막 변화구,빈약한 각본에 아까운 배우들.,2.5,20
내 생애 최악의 남자,제 몫을 하는 카메오.,2.0,6
내 사랑 내 곁에,금방 흐르고 빨리 마르는 눈물.,2.5,46
내 남자친구는 왕자님,솜사탕 먹기에 6월은 너무 후텁지근.,2.5,22
